cgpa,communication_skills,resume_score,coding_score,attendance_placement,placed
6.87,3.4,6.1,6.8,84.6,1
9.75,3.2,8.2,2.6,82.8,1
8.66,9.2,7.8,8.9,50.3,1
7.99,3.2,2.4,6.5,95.7,0
5.78,3.4,2.3,2.4,76.3,0
5.78,7.8,3.4,9.7,65.0,1
5.29,5.0,4.2,5.7,86.6,0
9.33,8.0,4.7,1.7,59.2,0
8.01,1.6,7.1,6.6,83.1,1
8.54,5.4,1.5,3.3,47.2,0
5.1,1.3,1.3,8.2,91.2,0
9.85,1.6,4.5,8.4,69.6,1
9.16,9.2,7.3,9.8,80.0,1
6.06,2.3,2.7,5.5,57.2,0
5.91,5.8,6.8,5.1,82.2,0
5.92,4.7,3.3,7.8,87.5,0
6.52,4.1,9.0,2.2,71.0,0
7.62,9.1,9.1,5.9,79.0,1
7.16,1.2,3.7,5.9,70.1,0
6.46,7.0,3.1,1.8,94.2,0
8.06,9.7,4.7,4.8,72.4,1
5.7,6.0,3.2,8.7,91.3,1
6.46,9.4,7.1,8.7,89.1,1
6.83,1.5,8.4,1.9,67.6,0
7.28,4.8,7.1,1.8,57.7,0
8.93,3.3,8.4,3.4,67.3,0
6.0,7.6,4.6,8.9,90.4,1
7.57,9.8,2.4,2.2,57.5,0
7.96,3.3,7.6,7.5,73.8,1
5.23,6.9,4.2,1.9,89.3,0
8.04,2.8,7.0,6.6,64.4,1
5.85,6.1,3.4,4.2,80.3,0
5.33,5.2,1.7,8.1,58.5,0
9.74,9.7,9.9,3.1,51.0,1
9.83,6.5,2.4,6.8,88.7,1
9.04,4.1,9.9,3.1,50.4,1
6.52,2.0,9.8,7.4,59.9,1
5.49,2.4,8.1,8.9,92.0,1
8.42,3.0,6.9,2.1,64.1,0
7.2,3.3,6.2,8.8,98.5,1
5.61,8.7,8.8,6.3,98.9,1
7.48,6.1,3.6,2.1,59.8,0
5.17,5.7,5.2,4.8,47.3,0
9.55,2.0,6.6,2.4,83.8,0
6.29,8.7,4.7,7.3,69.8,1
8.31,7.5,4.8,7.8,50.5,1
6.56,1.6,4.0,2.0,83.9,0
7.6,7.4,6.1,5.6,46.7,1
7.73,5.9,8.7,8.3,92.9,1
5.92,1.7,2.8,9.4,52.6,0
9.85,5.1,9.4,5.6,52.0,1
8.88,5.4,7.2,9.6,54.7,1
9.7,2.5,8.4,5.8,97.8,1
9.47,9.5,6.0,4.5,83.1,1
7.99,8.6,8.0,8.6,89.1,1
9.61,7.0,1.1,5.4,66.9,1
5.44,5.2,8.4,5.2,63.5,0
5.98,4.7,1.4,5.4,57.9,0
5.23,6.9,9.0,8.6,71.4,1
6.63,5.9,9.9,8.5,75.4,1
6.94,1.6,3.6,4.6,79.7,0
6.36,5.6,2.9,4.0,59.1,0
9.14,8.3,7.9,5.4,97.2,1
6.78,5.1,3.3,6.2,54.3,0
6.4,1.5,8.8,3.1,98.1,0
7.71,8.1,1.9,8.1,45.8,1
5.7,2.8,2.1,5.4,71.5,0
9.01,3.3,9.8,4.0,63.3,1
5.37,2.5,7.1,2.0,69.7,0
9.93,4.0,8.6,3.1,76.4,1
8.86,7.8,3.9,9.5,69.0,1
5.99,5.7,7.1,3.7,67.8,0
5.03,2.8,6.3,2.5,85.3,0
9.08,8.9,6.4,5.1,82.7,1
8.53,8.9,7.1,3.8,90.8,1
8.65,8.8,6.2,1.3,58.7,0
8.86,3.1,4.9,3.9,78.5,0
5.37,5.1,3.5,5.9,77.2,0
6.79,9.9,7.9,6.0,65.3,1
5.58,7.9,3.0,4.2,71.7,0
9.32,1.2,7.2,5.0,62.3,1
8.12,1.6,3.1,9.7,52.8,1
6.65,5.2,6.6,4.4,56.8,0
5.32,9.2,7.7,3.3,50.8,0
6.55,5.8,3.0,3.2,82.6,0
6.63,5.5,1.5,5.1,81.3,0
8.65,1.9,2.2,7.8,97.3,1
8.19,6.9,6.5,2.9,85.1,1
9.44,8.4,8.6,7.4,47.9,1
7.36,4.4,1.4,1.2,93.6,0
5.6,8.0,7.6,4.8,92.4,0
8.57,9.7,4.1,8.0,69.4,1
8.8,2.8,5.3,4.0,77.2,0
7.81,5.7,9.4,6.1,98.7,1
8.85,3.6,4.0,2.8,74.3,0
7.47,8.1,5.2,7.7,94.8,1
7.61,6.2,1.1,1.5,49.6,0
7.14,6.7,1.7,8.7,55.5,1
5.13,8.2,3.3,2.8,69.2,0
5.54,4.6,1.3,8.9,77.2,0
5.16,9.2,6.7,4.2,89.9,0
8.18,5.8,4.8,7.5,99.4,1
6.57,2.4,5.9,3.9,66.4,0
7.54,7.3,2.6,9.2,47.6,1
9.54,8.1,3.7,2.1,89.1,1
6.25,3.9,7.0,2.6,78.2,0
7.05,8.7,9.7,5.4,55.9,1
8.78,9.2,1.5,1.7,72.2,0
6.14,3.5,9.0,2.8,85.8,0
5.38,9.9,6.2,9.5,87.4,1
6.45,2.3,6.1,9.8,72.5,1
5.81,2.8,5.5,4.4,61.8,0
9.65,2.7,1.6,9.3,98.6,1
9.04,9.0,1.8,5.9,81.5,1
8.17,6.9,6.4,3.4,67.5,1
9.36,2.4,4.1,7.3,60.4,1
9.02,5.0,9.3,6.9,85.2,1
5.93,6.5,4.7,9.9,58.3,1
9.46,1.8,2.3,3.4,54.4,0
7.7,8.9,7.4,7.0,74.1,1
9.04,8.2,3.6,1.5,60.9,0
9.48,5.5,5.7,2.0,79.6,0
6.59,9.7,7.3,1.0,51.5,0
5.55,4.8,9.1,10.0,81.0,1
6.14,9.9,8.1,8.2,60.6,1
7.14,7.0,7.1,8.1,45.0,1
9.09,6.7,7.1,5.6,52.0,1
9.3,2.5,9.5,3.7,96.3,1
5.03,8.9,3.7,2.4,92.7,0
7.55,4.8,1.0,3.6,57.8,0
7.09,2.5,3.4,4.4,87.8,0
6.11,1.1,3.0,7.8,78.5,0
5.6,6.0,7.0,5.9,98.4,0
6.69,5.7,6.7,1.7,65.5,0
9.71,7.5,6.3,1.2,82.5,1
6.62,9.0,1.1,1.9,48.5,0
7.59,1.7,7.6,4.7,66.8,0
8.52,7.6,3.9,9.4,98.0,1
6.82,2.7,7.0,6.7,74.6,0
9.86,8.7,6.0,8.2,60.8,1
9.81,8.4,4.1,5.2,51.6,1
6.26,5.9,2.2,4.3,83.7,0
7.49,7.4,1.8,2.0,80.5,0
6.5,3.8,8.5,8.9,65.6,1
6.42,5.2,9.3,8.0,97.3,1
5.18,8.4,6.8,2.5,46.2,0
8.05,5.1,1.9,5.6,61.7,0
7.51,4.2,4.6,5.4,95.7,0
5.26,5.4,7.6,6.6,62.7,0
6.39,8.5,8.0,9.5,58.9,1
9.54,4.0,2.1,6.2,74.4,1
6.2,2.6,1.0,5.9,90.3,0
5.72,7.4,7.4,1.5,50.7,0
7.45,8.4,4.2,1.6,96.9,0
9.93,1.9,3.3,2.7,88.7,0
6.21,3.2,1.1,1.3,55.0,0
8.36,2.3,5.9,7.7,84.2,1
8.81,4.1,8.7,7.5,66.2,1
6.19,5.1,9.6,2.2,67.1,0
8.64,7.7,6.1,8.5,88.1,1
6.84,6.9,5.6,2.4,98.0,0
8.16,6.6,1.8,3.7,52.0,0
8.17,4.2,5.9,3.2,68.1,0
7.68,8.6,4.4,4.4,71.5,1
5.45,5.2,6.5,3.3,65.7,0
9.18,9.8,4.5,5.4,65.0,1
6.6,6.7,3.2,4.7,47.9,0
5.93,2.1,1.9,9.9,82.7,0
5.2,7.1,3.8,1.5,69.0,0
7.95,3.9,1.9,2.3,55.7,0
8.39,7.2,2.6,1.5,89.9,0
5.08,1.6,9.9,6.6,89.1,0
7.56,2.6,5.0,1.5,71.8,0
6.13,8.7,5.8,8.5,61.4,1
8.23,3.0,8.9,5.6,80.1,1
5.87,8.5,10.0,5.7,60.8,1
8.45,3.5,6.2,6.1,58.0,1
6.93,6.8,8.3,2.5,85.2,0
9.68,7.2,3.9,2.8,47.2,1
5.69,5.6,3.8,3.9,50.2,0
6.71,3.7,4.6,6.3,45.4,0
5.57,2.9,7.1,2.9,53.4,0
9.62,1.3,7.1,2.0,48.8,0
9.39,3.7,3.8,9.7,99.8,1
6.29,6.9,2.2,1.2,60.9,0
8.3,9.4,6.7,8.2,53.2,1
9.09,8.8,2.2,8.1,58.3,1
7.78,7.9,6.2,3.7,96.5,1
7.65,8.1,7.2,2.2,73.6,0
6.21,7.0,7.3,2.3,65.1,0
5.47,3.3,7.8,7.3,93.0,0
9.49,9.2,8.9,6.8,66.7,1
9.5,7.0,5.5,8.0,63.4,1
8.17,6.0,7.6,9.4,56.4,1
6.7,2.0,6.6,7.2,65.8,0
6.75,5.0,2.7,2.4,62.4,0
8.63,5.1,1.2,3.2,82.3,0
9.49,8.8,3.6,8.6,60.9,1
9.44,5.9,5.0,2.9,76.7,1
8.9,4.4,6.6,1.7,48.6,0
8.21,9.8,8.6,7.3,55.5,1
5.42,2.0,2.8,4.6,67.4,0
5.81,4.8,2.1,9.3,96.5,1
9.49,1.4,9.7,6.9,65.7,1
8.03,7.7,2.0,1.8,81.5,0
5.05,9.3,5.3,9.5,59.0,1
5.51,3.5,6.3,3.3,52.0,0
8.32,8.7,5.9,4.0,48.2,1
5.03,3.6,1.8,4.6,61.8,0
5.8,9.2,1.5,1.5,53.7,0
7.74,7.8,1.9,5.5,54.6,0
8.46,8.2,6.3,2.1,86.8,1
8.26,1.2,5.9,4.6,45.9,0
6.12,9.7,3.1,4.2,75.7,0
8.56,7.5,6.7,8.0,65.9,1
6.19,3.7,8.4,8.2,72.9,1
6.63,8.5,1.4,2.4,76.0,0
8.73,3.5,5.5,4.3,62.2,0
8.25,8.9,7.2,4.4,61.2,1
9.25,2.0,3.3,2.4,85.3,0
8.29,7.3,3.8,8.2,92.9,1
7.84,5.9,6.5,7.4,55.6,1
5.47,1.9,9.1,2.7,50.4,0
6.84,3.2,8.3,4.3,94.4,0
6.33,1.1,6.2,2.0,64.2,0
6.22,5.2,7.6,6.7,75.3,1
9.87,3.7,4.3,2.1,64.8,0
6.97,6.4,6.8,9.9,51.9,1
9.46,3.7,5.2,8.0,77.4,1
8.16,3.7,2.7,4.5,73.9,0
8.97,7.7,7.3,6.2,56.2,1
7.51,1.4,6.0,9.2,69.9,1
7.88,9.1,4.2,6.0,88.8,1
7.46,8.7,9.2,2.6,77.5,1
5.98,7.0,1.2,4.4,50.3,0
8.61,6.3,3.8,8.6,75.1,1
6.4,9.0,1.5,6.8,83.7,1
5.12,2.7,7.9,6.9,88.6,0
8.23,1.7,7.3,8.8,79.6,1
5.89,3.2,4.0,9.0,53.4,0
9.7,8.2,7.1,9.3,84.1,1
9.77,1.3,4.6,1.9,82.3,0
9.57,6.2,7.8,5.9,46.3,1
6.85,10.0,5.1,7.7,67.6,1
5.08,8.7,4.7,7.8,63.3,1
9.64,5.7,9.4,6.5,81.8,1
7.14,1.6,3.3,2.5,56.9,0
9.83,8.5,2.1,8.2,77.5,1
9.82,6.4,6.3,7.5,95.2,1
9.27,2.0,9.7,1.8,88.9,0
6.47,1.8,4.4,5.2,95.7,0
6.93,9.2,1.6,2.6,98.8,0
9.26,7.0,4.1,4.0,45.6,1
6.58,8.5,5.6,1.2,79.3,0
5.85,8.9,2.5,4.6,67.7,0
7.78,6.1,6.9,5.9,92.3,1
9.68,5.7,10.0,6.6,58.8,1
8.48,4.9,5.1,7.0,99.0,1
7.85,3.9,4.2,8.5,78.8,1
5.49,4.9,4.6,2.9,88.6,0
8.08,8.0,2.0,2.1,49.7,0
9.95,6.4,8.9,8.7,55.1,1
5.7,9.0,4.7,2.4,86.7,0
7.59,5.0,4.5,9.8,46.2,1
9.39,6.5,6.9,8.6,89.9,1
8.7,6.7,5.0,5.5,45.8,1
8.49,6.3,6.8,9.8,81.1,1
8.51,7.3,1.6,1.9,65.1,0
6.8,3.1,8.3,3.7,78.6,0
6.47,5.6,9.5,6.7,83.3,1
9.05,1.9,6.8,4.2,63.8,0
9.05,4.5,9.6,9.4,50.9,1
9.34,5.4,2.4,1.6,48.8,0
9.57,6.9,5.3,5.9,77.4,1
7.56,9.6,6.4,6.3,73.6,1
7.51,6.4,6.2,6.9,85.8,1
8.99,7.7,4.6,3.3,73.0,1
8.25,5.6,4.0,4.3,68.2,0
8.51,6.7,2.1,8.6,66.9,1
8.98,1.6,4.5,2.8,46.5,0
9.45,3.3,2.5,8.4,63.5,1
6.69,4.3,7.6,6.1,98.7,1
6.88,5.3,2.9,7.9,93.0,1
5.47,1.4,1.5,7.4,63.1,0
7.89,2.3,6.0,2.9,77.3,0
5.18,3.5,6.4,6.1,91.6,0
7.33,9.7,8.8,8.8,69.3,1
7.71,4.0,6.2,4.9,46.0,0
6.43,5.3,4.1,9.7,49.1,1
7.95,2.8,8.2,5.1,73.1,1
5.15,6.5,5.9,2.3,98.3,0
5.19,3.5,1.7,4.5,83.1,0
9.11,2.9,6.1,9.6,48.9,1
6.8,5.6,9.2,3.9,55.4,0
5.64,1.0,4.6,8.8,87.4,0
7.61,1.1,3.7,8.9,91.3,1
8.85,3.0,2.3,4.2,79.0,0
6.08,1.3,2.4,1.7,80.4,0
8.11,2.0,4.9,7.5,46.6,1
5.43,4.0,6.4,3.8,90.6,0
5.26,8.2,1.7,8.0,88.4,0
7.66,6.1,9.5,5.0,59.2,1
7.7,5.6,7.8,5.4,84.0,1
8.19,3.6,6.3,8.0,56.8,1
8.63,9.4,8.5,4.4,47.2,1
9.88,4.6,1.7,5.0,56.1,1
7.58,1.8,5.3,4.4,54.8,0
6.61,6.6,6.7,4.3,63.6,0
8.98,2.0,8.5,5.7,68.0,1
6.35,4.1,8.1,8.3,73.0,1
7.19,5.6,3.5,4.3,71.2,0
5.39,8.9,9.5,5.7,59.9,1
5.13,5.4,2.1,7.0,46.6,0
9.81,7.3,8.9,3.4,78.3,1
9.18,9.9,9.7,3.5,66.8,1
8.48,2.2,2.6,9.4,61.4,1
7.04,3.5,7.5,7.5,92.7,1
5.87,4.6,1.4,6.2,86.1,0
5.78,4.8,4.6,6.8,92.2,0
6.25,4.7,5.6,1.3,72.2,0
7.75,9.2,6.2,6.6,52.2,1
8.57,7.4,9.4,5.6,83.3,1
8.3,6.5,7.1,5.9,56.3,1
6.4,3.8,5.3,4.2,69.3,0
9.77,8.4,8.3,1.7,48.6,1
8.69,9.6,9.6,2.7,90.4,1
7.77,8.4,1.2,9.6,51.9,1
8.06,1.0,9.8,4.7,94.7,1
7.1,6.7,1.8,5.2,92.5,0
6.24,1.5,8.3,1.5,70.6,0
6.78,3.3,3.5,1.3,85.9,0
8.79,1.5,2.2,7.5,79.1,1
5.07,6.4,5.0,5.8,89.2,0
5.58,7.2,6.8,5.6,68.7,0
5.23,2.0,4.4,3.2,88.2,0
5.2,4.5,1.5,7.7,70.4,0
9.28,5.1,6.4,2.5,96.8,1
8.52,4.3,9.1,2.7,71.8,0
7.37,2.1,4.4,5.1,70.4,0
5.49,4.8,2.9,3.6,88.2,0
7.46,7.8,5.0,3.2,90.2,0
7.37,1.6,1.4,6.8,75.5,0
5.87,1.7,8.4,6.9,54.9,0
7.17,4.2,8.4,8.4,70.7,1
6.99,9.5,6.3,4.8,98.2,1
8.08,7.0,4.2,1.7,86.4,0
8.18,7.1,8.2,3.5,89.6,1
5.23,4.3,6.0,9.8,46.8,1
6.87,6.3,8.4,6.4,70.7,1
8.13,1.1,6.7,7.4,80.6,1
7.52,6.7,8.1,1.1,90.7,0
9.28,9.2,6.4,5.7,47.7,1
8.29,6.5,4.7,1.3,91.9,0
5.81,8.9,9.6,6.1,75.2,1
5.35,7.5,5.9,9.3,55.9,1
8.21,2.1,6.4,9.7,62.4,1
5.13,9.1,3.0,5.9,60.5,0
7.93,1.6,6.6,5.1,74.2,0
9.7,5.8,6.1,9.5,47.8,1
7.88,2.3,2.7,7.1,53.7,0
6.94,1.1,1.5,1.6,89.7,0
8.22,4.8,6.4,5.2,52.3,1
7.29,3.7,7.9,3.2,57.8,0
7.73,5.4,5.7,5.2,69.9,1
9.71,6.2,3.0,5.1,73.4,1
6.93,1.4,7.0,6.2,87.0,0
9.81,2.1,1.7,4.2,69.6,0
9.53,6.0,5.0,2.5,88.4,1
5.98,4.1,2.5,5.5,79.0,0
5.35,7.6,2.7,8.5,51.2,0
5.5,6.9,2.8,7.0,53.6,0
5.09,8.6,4.5,4.0,69.0,0
5.47,7.2,1.5,9.4,66.8,1
8.42,4.9,4.6,9.2,85.9,1
5.36,7.1,5.6,2.9,76.9,0
6.59,3.5,5.3,1.4,66.3,0
9.22,3.8,4.4,7.7,54.4,1
5.12,8.1,8.6,8.4,57.5,1
9.07,5.0,2.3,9.7,76.7,1
6.41,8.2,5.6,9.0,68.3,1
5.59,8.4,1.6,6.4,73.3,0
8.48,8.7,1.6,5.8,54.4,1
8.14,9.2,6.2,1.3,81.5,0
9.39,4.9,6.1,3.2,91.9,1
8.68,3.9,8.9,5.1,59.2,1
9.02,6.2,6.0,6.7,72.0,1
6.41,4.3,9.6,6.0,98.7,1
5.89,6.4,1.4,7.7,63.3,0
8.75,7.4,1.9,3.5,77.7,0
9.03,7.2,1.4,6.1,50.0,1
9.95,4.4,2.7,1.8,78.3,0
7.06,2.5,5.9,4.7,49.9,0
6.86,4.9,6.8,7.8,97.8,1
8.88,2.3,1.4,7.2,84.4,1
6.7,9.0,9.5,9.9,88.3,1
9.65,4.1,8.6,3.5,83.7,1
9.29,2.4,3.7,5.5,77.4,1
7.14,1.2,1.7,4.0,69.7,0
8.75,6.8,2.5,5.0,92.2,1
8.77,6.7,2.1,8.7,97.6,1
5.52,4.1,2.1,7.2,72.4,0
9.51,1.6,5.7,8.9,96.2,1
7.53,4.7,3.2,2.8,77.1,0
9.13,3.8,4.2,8.9,74.6,1
6.6,7.1,9.9,1.5,70.0,0
9.48,6.5,7.2,9.0,56.5,1
6.95,4.3,9.5,4.0,45.2,0
5.05,3.0,2.3,3.8,58.3,0
9.53,9.9,4.4,5.6,73.0,1
5.46,5.1,6.0,9.5,65.9,1
6.6,7.2,1.7,1.4,69.7,0
9.75,2.3,1.0,4.2,98.9,0
9.75,5.4,7.0,8.7,64.3,1
7.87,1.2,6.8,4.6,69.9,0
8.16,5.5,4.7,2.8,52.3,0
7.24,9.7,5.4,4.8,47.6,1
6.47,4.5,4.7,4.5,87.6,0
6.64,1.4,1.2,9.2,76.4,0
8.36,1.3,4.0,7.9,86.8,1
8.76,4.5,2.6,5.5,53.2,0
8.96,2.4,1.9,9.9,76.5,1
8.95,1.2,9.6,5.2,59.0,1
5.46,7.8,6.4,1.5,57.5,0
7.47,5.1,7.6,3.4,45.6,0
5.29,3.6,3.8,4.9,52.2,0
7.75,9.1,4.5,2.4,62.0,0
7.21,2.0,3.1,9.5,51.4,1
9.44,9.6,1.9,7.9,99.2,1
6.75,3.8,2.6,3.4,62.0,0
5.59,9.0,8.2,6.3,52.2,1
5.71,6.4,7.1,7.5,55.9,1
8.81,8.4,5.9,9.5,77.3,1
8.09,9.9,5.3,8.9,48.5,1
5.51,3.6,9.3,5.6,92.4,0
5.42,9.7,1.7,8.0,97.9,1
8.5,4.5,3.5,6.1,58.6,1
5.36,4.5,4.1,6.0,69.8,0
9.11,4.1,8.0,2.0,46.2,0
8.53,5.9,9.9,2.1,80.2,1
5.41,2.4,3.2,5.8,67.8,0
5.42,6.0,8.9,3.4,59.9,0
9.93,5.9,8.5,1.2,56.4,1
6.87,7.9,3.0,7.5,81.0,1
6.85,8.5,4.6,1.3,67.9,0
9.06,5.0,4.7,6.4,54.9,1
9.74,3.7,9.8,5.9,82.9,1
9.93,3.3,2.6,9.7,76.1,1
8.77,2.8,8.2,5.4,92.2,1
6.88,1.5,4.0,1.6,51.5,0
5.42,4.1,7.6,6.0,88.2,0
8.89,3.4,4.8,8.6,82.0,1
7.79,9.7,6.2,10.0,51.3,1
7.12,6.0,8.5,4.9,83.2,1
9.53,4.1,8.2,3.9,69.3,1
5.56,6.2,8.8,9.2,97.0,1
7.46,2.3,1.5,2.7,52.8,0
5.06,5.0,7.2,6.5,80.4,0
7.34,6.6,2.3,4.7,66.0,0
5.28,5.4,4.7,1.4,97.6,0
5.59,4.6,5.9,4.1,63.1,0
5.59,9.9,4.6,3.4,97.9,0
8.25,8.9,5.7,7.2,94.6,1
8.73,6.6,10.0,9.5,59.9,1
7.92,6.1,2.2,3.4,89.2,0
9.81,6.6,7.1,8.3,99.8,1
6.87,2.8,4.6,1.5,58.9,0
6.43,4.6,2.2,5.8,69.0,0
9.34,1.4,2.4,1.6,73.6,0
6.12,5.3,9.5,9.4,61.2,1
9.82,5.9,8.9,7.9,45.8,1
5.06,3.0,9.2,6.9,57.1,0
9.85,9.7,9.9,8.4,60.5,1
5.22,9.2,2.9,6.8,69.4,0
9.46,7.5,4.2,9.7,54.4,1
7.64,5.8,7.0,7.4,93.0,1
9.96,8.8,5.4,9.3,83.8,1
5.37,2.2,4.8,5.7,49.7,0
7.77,8.1,4.2,2.1,80.8,0
9.85,2.1,6.3,5.8,81.0,1
7.62,8.1,6.2,2.1,97.6,0
8.15,3.5,2.5,6.3,45.2,0
8.48,8.9,5.2,5.3,58.6,1
7.27,9.5,6.0,6.6,96.0,1
8.14,2.3,6.1,1.1,96.3,0
7.92,5.2,2.9,2.8,84.6,0
9.51,9.8,7.7,5.4,87.1,1
5.23,5.4,1.2,9.6,50.0,0
6.4,8.8,4.2,4.5,73.3,0
9.75,6.3,8.0,4.8,57.7,1
9.45,4.4,6.1,7.4,55.0,1
7.28,3.6,3.4,6.4,89.6,0
8.1,2.8,7.3,3.7,52.4,0
6.39,7.9,6.1,4.7,70.8,0
5.94,4.5,8.2,3.0,96.6,0
7.32,5.6,7.6,9.7,55.2,1
6.77,5.4,6.5,2.2,98.8,0
7.92,6.2,5.4,4.3,99.7,1
5.39,8.8,2.2,1.2,75.6,0
9.87,9.8,3.4,3.0,54.4,1
9.93,4.7,4.8,8.0,62.4,1
8.49,8.4,6.4,2.8,68.3,1
7.68,7.9,5.6,1.7,62.0,0
6.55,6.2,3.6,5.3,60.4,0
9.07,9.6,1.1,1.1,98.5,0
8.42,2.8,5.5,1.8,53.4,0
5.81,2.0,3.6,8.3,85.3,0
9.55,8.7,7.6,7.9,45.0,1
9.11,5.0,1.2,9.2,77.8,1
9.75,8.6,6.3,8.7,95.4,1
8.63,9.0,9.5,7.1,60.8,1
8.07,1.6,2.6,1.5,55.2,0
7.09,9.0,5.2,8.0,80.8,1
9.66,5.0,1.8,8.6,84.2,1
9.33,5.6,6.6,8.2,82.8,1
5.23,6.6,6.0,5.6,62.6,0
5.13,9.3,4.7,3.1,58.9,0
6.88,1.2,5.7,8.6,97.6,1
9.05,5.3,9.1,7.5,95.8,1
9.94,7.2,2.8,9.8,70.2,1
5.75,7.5,1.2,2.4,91.5,0
7.97,7.2,8.8,3.0,69.9,1
6.9,2.2,6.2,2.9,68.3,0
9.85,3.7,9.0,8.1,53.6,1
9.21,4.2,6.4,2.7,68.5,0
9.19,8.2,8.3,1.6,74.6,1
7.34,3.5,4.9,10.0,46.2,1
7.07,2.9,7.7,1.2,69.4,0
6.37,9.6,9.2,8.5,88.0,1
5.28,1.1,6.1,4.3,82.4,0
9.32,10.0,2.6,8.6,79.9,1
9.06,7.1,3.4,6.0,95.0,1
10.0,8.5,2.8,9.1,46.0,1
9.98,3.7,3.2,9.3,75.6,1
7.78,1.1,3.8,1.1,88.3,0
8.84,7.6,6.0,1.7,74.8,0
9.72,8.5,6.3,3.3,62.8,1
9.25,7.7,4.8,7.0,52.5,1
6.24,2.3,6.5,9.0,93.8,1
7.25,7.8,1.7,5.1,70.9,0
5.65,7.9,1.8,6.5,93.3,0
9.77,6.9,2.5,2.7,77.2,1
8.03,7.9,5.7,8.2,82.1,1
6.14,8.6,2.9,9.7,89.2,1
8.36,6.5,3.5,3.4,81.3,0
8.09,1.8,4.6,5.5,66.9,0
6.79,5.4,8.3,1.8,73.2,0
5.57,1.7,1.1,6.0,89.2,0
8.36,4.7,6.8,5.5,65.6,1
7.6,4.7,7.0,2.3,66.3,0
8.86,1.6,8.2,5.0,50.3,0
7.6,4.1,9.4,4.0,95.3,1
9.26,2.0,1.2,5.7,50.0,0
7.76,8.3,2.4,6.3,80.7,1
7.8,9.5,9.0,1.1,67.7,0
9.38,1.7,5.1,7.8,67.3,1
7.02,9.6,6.1,7.4,82.4,1
5.67,5.7,7.0,4.3,48.7,0
5.14,3.7,7.1,1.5,77.7,0
8.78,1.7,9.4,7.8,87.5,1
8.1,5.5,10.0,9.6,90.6,1
8.52,8.2,7.5,3.2,54.4,1
6.06,7.4,3.6,3.9,94.4,0
5.68,1.5,8.9,2.7,81.1,0
5.07,1.7,1.4,6.2,93.5,0
6.75,4.6,3.1,2.4,71.7,0
7.95,3.7,9.1,4.2,74.8,1
6.96,3.1,3.3,7.3,95.5,0
7.19,3.5,3.0,6.0,94.5,0
9.52,8.2,2.2,4.5,69.6,1
6.74,9.4,8.7,4.8,60.1,1
7.57,4.6,5.5,6.1,66.6,1
8.92,9.2,7.1,1.1,66.3,1
6.98,3.9,3.2,1.7,60.8,0
8.11,5.3,7.8,8.9,59.8,1
9.31,3.0,7.8,1.7,92.4,0
9.75,6.8,3.8,7.4,48.8,1
5.74,9.8,4.7,9.3,82.3,1
9.63,6.4,2.9,3.4,54.5,0
7.46,4.2,9.8,4.3,63.9,0
6.29,6.8,6.8,6.1,48.4,0
7.3,2.1,9.4,8.9,59.8,1
9.9,9.0,3.7,9.5,87.3,1
7.46,5.5,8.0,7.7,93.7,1
6.64,5.0,7.9,1.8,57.2,0
8.17,6.3,7.2,7.0,70.5,1
6.2,6.6,9.7,4.7,70.9,0
5.38,1.6,4.5,5.2,93.0,0
5.64,7.1,2.2,1.4,87.0,0
5.64,3.2,7.0,2.7,73.2,0
5.76,7.4,7.6,8.1,81.9,1
5.69,8.4,6.2,5.1,91.6,0
8.2,8.2,2.9,3.7,45.5,0
5.91,6.0,5.5,4.5,67.2,0
6.73,5.7,3.8,8.7,94.9,1
9.48,2.3,4.8,7.7,85.7,1
7.37,8.0,6.8,3.5,74.9,1
8.34,3.4,7.7,2.1,74.1,0
5.86,5.5,3.1,3.3,64.1,0
5.96,3.6,4.6,9.3,73.6,1
5.2,2.2,3.4,6.2,81.0,0
5.84,6.7,2.8,5.8,68.0,0
6.39,1.5,8.1,6.4,84.3,0
5.89,7.7,9.2,4.3,92.4,1
5.44,3.9,4.3,8.3,53.5,0
5.6,1.0,7.8,5.7,69.8,0
7.3,5.6,9.1,2.1,67.4,0
6.03,1.4,8.6,2.2,82.8,0
6.82,3.5,2.6,5.8,58.7,0
7.52,7.4,9.6,9.4,80.2,1
8.45,1.6,4.4,3.8,93.3,0
5.2,8.6,4.1,8.8,68.0,1
9.0,1.0,1.6,7.9,95.1,1
8.14,3.2,5.4,3.2,99.6,0
5.41,7.7,2.0,1.3,50.8,0
9.37,3.8,3.2,1.9,57.8,0
9.6,1.9,3.9,7.6,97.3,1
5.31,4.2,8.3,2.8,97.7,0
6.38,3.4,8.9,4.3,50.4,0
9.03,8.6,3.7,5.5,45.8,1
8.74,3.8,8.7,7.5,53.9,1
5.92,8.1,8.7,2.0,99.8,0
6.05,9.0,7.9,4.7,54.9,0
6.85,4.9,2.3,5.4,72.6,0
7.42,9.2,7.2,5.9,91.7,1
8.09,4.4,9.5,8.4,46.1,1
6.84,9.7,7.1,2.5,78.2,0
7.31,1.8,4.0,8.3,60.2,0
8.74,7.2,5.5,7.2,92.4,1
5.18,5.4,6.8,6.0,60.6,0
6.26,4.5,5.6,7.3,82.8,1
8.57,6.7,2.1,4.7,82.1,1
9.48,7.3,3.8,2.2,57.2,0
7.56,1.0,8.2,7.0,46.9,0
7.66,2.5,8.8,5.7,67.5,1
5.54,7.4,2.2,6.8,60.9,0
7.24,7.0,9.6,4.0,89.5,1
7.66,9.7,4.0,9.2,89.0,1
6.21,7.8,7.0,6.3,70.1,1
6.35,9.6,7.8,1.8,78.4,0
6.89,7.3,8.3,5.0,78.2,1
5.1,3.7,9.5,7.8,90.5,1
6.61,1.9,3.8,8.1,68.4,0
6.06,8.0,8.7,5.5,60.1,1
6.64,6.8,2.2,9.1,59.6,1
5.6,1.4,7.3,3.4,74.5,0
9.45,4.2,7.7,4.7,69.7,1
7.97,9.6,7.1,9.1,69.2,1
8.4,5.5,3.3,9.1,50.0,1
8.95,4.9,8.9,7.2,84.5,1
7.49,5.1,2.5,8.7,56.8,1
5.43,2.9,1.5,1.8,55.8,0
7.69,4.3,7.5,8.8,67.7,1
7.93,4.3,5.3,3.9,57.5,0
8.73,1.5,8.6,2.6,77.1,0
7.16,7.9,4.5,3.2,65.4,0
5.64,4.7,2.5,4.8,69.7,0
6.42,8.4,8.5,3.3,74.5,0
6.82,8.7,5.9,3.9,56.2,0
8.23,2.9,2.7,2.2,53.6,0
7.85,6.9,7.5,3.7,93.4,1
6.78,5.3,5.6,6.2,68.9,0
9.93,8.9,6.4,5.0,67.7,1
8.03,2.9,5.1,4.1,47.0,0
6.19,7.1,8.5,7.7,72.4,1
5.51,6.5,8.5,9.0,75.5,1
5.76,3.7,7.4,7.8,75.7,0
6.23,2.2,1.9,4.0,83.9,0
5.8,6.9,8.5,7.7,54.8,1
5.93,7.6,7.0,2.4,58.9,0
6.43,3.8,7.3,2.2,89.6,0
5.87,6.8,4.3,4.1,97.1,0
9.48,4.6,8.9,8.3,52.5,1
5.4,7.4,7.5,3.2,72.4,0
7.62,2.8,2.0,1.6,56.8,0
7.05,9.0,4.7,2.2,48.3,0
9.91,3.6,9.0,8.7,62.9,1
5.56,4.3,1.4,6.7,52.9,0
6.99,1.5,9.7,3.3,84.0,0
9.85,2.0,7.1,6.0,74.4,1
9.33,5.6,6.7,5.7,52.9,1
9.09,3.4,3.4,6.9,45.5,1
6.29,8.5,3.2,3.1,89.4,0
5.85,1.1,9.5,8.8,54.7,1
8.34,4.4,3.7,3.8,78.3,0
9.65,4.0,8.0,7.2,63.5,1
7.78,1.2,4.5,1.1,77.2,0
7.86,2.1,2.3,4.4,62.4,0
6.4,4.7,1.1,4.2,49.8,0
8.85,5.4,5.9,5.9,57.3,1
5.94,4.6,9.8,1.7,55.3,0
6.62,5.8,4.3,8.1,68.5,1
7.13,6.4,4.2,3.0,81.2,0
7.54,1.1,4.1,7.1,59.5,0
6.21,5.2,5.7,8.2,45.7,1
5.57,9.7,5.0,6.1,73.5,1
8.05,5.7,8.9,7.7,78.3,1
6.44,7.1,5.5,7.0,98.0,1
7.91,3.8,5.6,4.2,77.4,0
5.77,8.0,2.2,8.3,70.9,1
7.41,8.0,9.8,3.7,76.5,1
7.66,5.7,3.2,6.1,96.0,1
5.26,9.8,1.7,7.7,90.6,1
6.68,2.1,7.0,4.4,62.8,0
5.67,1.2,6.4,3.7,58.0,0
5.32,7.9,4.7,5.1,59.4,0
9.95,8.3,4.8,8.4,72.7,1
6.61,2.1,8.1,9.4,85.9,1
9.05,3.4,2.8,5.9,72.7,1
6.27,1.2,8.4,7.0,48.7,0
8.41,3.6,6.8,9.1,84.8,1
8.8,8.0,4.8,1.9,89.3,0
7.98,5.7,5.1,3.1,60.9,0
7.36,4.1,3.3,7.4,81.5,1
7.06,4.3,7.8,8.4,68.5,1
6.74,1.0,5.6,8.7,93.9,1
9.65,3.7,3.9,4.7,91.5,1
9.15,6.8,6.4,1.8,73.9,0
9.83,9.8,10.0,4.9,83.0,1
5.62,8.6,4.9,3.1,93.6,0
8.65,1.2,9.3,3.6,72.3,0
9.69,9.1,4.1,8.0,62.2,1
5.91,8.0,1.5,1.7,86.5,0
5.33,8.0,2.8,8.4,57.1,0
8.71,5.1,4.8,4.8,66.4,1
7.87,4.6,3.0,6.4,92.6,1
9.21,3.7,1.0,1.8,84.8,0
5.7,1.6,9.2,4.0,67.2,0
8.98,3.1,8.6,1.8,56.8,0
6.01,3.2,7.7,9.7,64.6,1
5.82,5.4,2.5,8.3,60.6,0
5.82,7.7,2.1,5.1,54.7,0
9.07,5.3,1.6,3.0,85.9,0
8.33,1.5,7.5,9.4,58.9,1
7.62,9.6,9.4,4.1,70.0,1
6.79,9.5,4.9,2.4,66.2,0
9.39,8.1,2.1,6.1,99.0,1
6.96,9.9,5.6,9.5,66.5,1
9.08,5.9,4.1,1.0,49.4,0
7.2,9.7,4.4,3.1,49.9,0
6.88,1.7,6.6,9.4,77.5,1
7.31,4.3,7.5,2.5,78.0,0
6.51,3.0,2.0,2.0,68.0,0
8.74,2.8,1.3,6.1,68.8,0
7.51,2.3,9.9,8.8,48.0,1
6.16,6.6,3.1,5.3,73.4,0
9.5,8.0,1.5,10.0,72.8,1
6.92,6.2,2.7,7.1,53.2,0
7.72,2.3,1.4,1.7,50.7,0
9.53,8.3,4.5,9.9,51.8,1
8.12,6.7,8.2,4.7,50.6,1
5.58,4.5,4.1,3.6,78.5,0
9.7,7.1,5.0,6.0,55.8,1
8.14,3.3,7.1,3.7,58.8,0
6.67,4.1,5.6,1.8,54.5,0
5.7,9.3,8.8,1.0,97.7,0
8.97,3.6,8.8,5.0,92.0,1
8.1,5.2,1.1,8.5,57.7,1
7.67,9.0,8.0,6.2,63.0,1
9.47,7.4,5.1,10.0,56.5,1
8.94,1.6,9.9,3.6,72.1,1
5.76,2.3,5.3,3.5,46.1,0
6.56,1.1,9.9,2.4,81.9,0
6.24,6.7,7.8,2.5,73.8,0
8.72,5.0,3.2,3.6,94.4,0
5.17,2.2,5.8,8.1,54.0,0
7.85,9.6,9.9,9.2,89.2,1
8.81,5.8,8.7,9.8,88.6,1
9.38,3.2,1.9,3.1,52.0,0
6.71,5.5,7.4,8.9,66.9,1
9.11,7.1,4.1,4.0,54.4,1
5.55,1.7,1.1,2.0,59.0,0
9.23,3.5,4.6,8.8,59.5,1
5.64,8.3,3.1,6.7,75.6,0
6.99,5.1,8.4,2.5,67.6,0
8.99,5.9,4.0,4.9,97.1,1
5.75,4.9,8.4,3.6,52.0,0
6.15,1.4,1.0,7.6,98.6,0
8.61,2.5,3.8,5.1,57.7,0
8.6,5.0,3.2,9.9,87.5,1
8.21,2.9,3.1,1.5,63.6,0
8.47,1.4,1.6,4.2,52.9,0
7.71,8.6,2.7,5.3,92.2,1
6.26,9.8,6.0,5.5,62.0,1
6.73,8.1,3.6,3.8,81.2,0
5.91,8.7,4.8,7.6,76.2,1
9.54,3.2,4.4,8.9,70.9,1
7.92,9.6,8.9,9.4,72.3,1
7.0,2.8,9.1,8.2,85.3,1
7.31,9.6,5.4,8.7,49.8,1
9.74,10.0,4.0,6.0,81.7,1
5.77,7.4,2.0,8.4,94.3,1
7.93,9.8,9.6,3.7,48.2,1
7.53,6.1,1.5,4.6,52.7,0
8.06,3.3,3.7,3.9,84.4,0
5.09,4.9,3.7,5.2,69.1,0
9.36,6.3,3.9,3.6,67.2,1
9.66,1.7,2.5,9.7,52.5,1
7.83,6.6,8.0,3.8,72.9,1
8.48,9.8,2.1,1.9,52.0,0
9.61,2.7,6.7,5.7,71.2,1
8.54,8.1,2.1,1.5,87.0,0
5.76,9.2,1.6,2.0,59.2,0
7.88,9.5,9.2,3.0,71.4,1
8.03,9.6,2.7,5.2,99.6,1
7.12,5.7,8.4,4.9,82.8,1
8.68,9.8,5.9,8.2,91.3,1
9.67,7.8,1.7,7.7,67.8,1
9.63,2.5,9.6,4.8,87.2,1
7.25,5.3,3.2,4.0,47.2,0
5.57,7.5,8.7,3.8,51.8,0
9.92,3.2,2.5,8.0,56.2,1
9.19,6.8,8.7,1.5,67.1,1
5.62,7.0,1.1,1.1,91.5,0
9.6,2.5,5.6,8.2,64.0,1
9.35,6.1,7.9,5.3,81.0,1
7.59,7.9,9.4,2.2,84.0,1
7.96,5.5,9.2,3.1,77.2,1
7.0,1.1,8.4,9.4,64.6,1
5.27,1.1,9.0,8.7,76.7,0
6.68,4.2,2.8,7.4,63.8,0
9.01,9.3,3.6,5.3,49.6,1
5.02,3.1,3.6,5.7,99.6,0
6.67,6.7,4.4,9.8,52.0,1
6.99,3.0,4.5,9.7,49.0,1
7.69,3.9,5.9,2.9,93.3,0
9.6,8.6,2.4,8.3,61.6,1
6.73,7.6,7.2,2.8,80.8,0
6.73,1.9,2.5,2.9,63.1,0
8.69,4.9,3.8,7.1,66.5,1
7.26,1.3,5.5,4.6,59.4,0
6.12,5.3,8.2,9.4,63.9,1
7.26,7.0,7.7,1.8,67.6,0
5.7,2.1,6.8,5.6,84.6,0
5.88,3.6,2.4,9.3,73.1,0
7.49,4.6,5.9,9.1,96.9,1
7.09,9.3,1.8,2.4,47.3,0
9.57,9.9,4.4,4.3,72.7,1
6.81,1.4,4.7,6.6,77.1,0
7.9,7.8,1.4,2.4,95.6,0
8.16,4.3,3.5,9.7,47.7,1
5.07,4.5,9.6,9.2,76.5,1
8.32,7.8,9.6,2.5,91.9,1
5.89,9.3,4.2,2.1,58.3,0
9.81,9.6,1.4,1.8,93.2,1
5.74,6.2,2.6,9.2,46.0,0
7.07,4.2,4.5,2.7,85.3,0
5.43,8.1,9.5,4.7,96.3,1
9.98,3.3,2.3,5.0,81.1,1
7.51,6.1,7.9,6.4,69.1,1
7.98,4.2,2.0,1.6,47.5,0
5.34,6.9,9.8,3.0,95.6,0
8.75,3.2,4.4,9.4,70.9,1
6.05,2.7,8.0,9.2,46.6,1
9.49,9.3,4.1,8.0,82.9,1
6.03,1.9,6.6,1.2,71.5,0
5.95,5.6,2.7,3.9,51.8,0
5.18,3.0,2.3,6.7,56.8,0
7.36,1.4,9.4,3.5,48.5,0
7.82,1.3,9.3,9.2,76.6,1
5.33,2.6,9.0,6.7,79.2,0
8.88,8.8,6.6,1.6,72.8,1
7.27,3.5,8.3,9.2,89.9,1
7.62,9.6,1.6,9.6,92.4,1
7.2,6.2,4.0,1.7,78.9,0
7.0,4.9,3.8,5.8,45.7,0
7.8,6.2,6.7,3.7,83.2,1
5.78,5.7,4.2,4.5,68.0,0
5.91,7.8,2.3,2.6,76.1,0
9.31,3.5,6.4,6.2,80.7,1
9.73,4.2,8.3,9.6,64.3,1
6.87,9.0,4.4,5.5,95.4,1
6.35,9.5,2.2,1.7,52.4,0
8.22,9.0,2.8,6.6,81.9,1
7.04,4.8,3.1,4.1,45.2,0
5.13,8.0,3.7,8.7,95.9,1
5.78,5.3,6.8,4.9,51.2,0
8.58,5.5,6.4,2.7,50.2,0
8.29,2.8,7.3,2.7,63.3,0
5.14,6.3,4.3,7.9,65.5,0
6.11,2.7,8.4,3.4,56.8,0
6.16,4.0,2.8,7.9,77.2,0
8.36,8.7,5.2,2.9,69.4,1
5.1,2.9,8.2,3.9,46.9,0
5.52,1.6,2.6,5.2,62.6,0
9.0,1.6,2.0,9.5,89.6,1
5.89,9.5,9.0,9.4,82.9,1
8.26,5.6,4.1,2.9,84.9,0
6.19,4.7,7.2,4.2,83.4,0
5.5,8.3,1.2,2.3,62.1,0
6.22,8.5,7.2,5.6,50.5,1
8.61,4.0,3.8,5.1,60.0,0
9.28,7.2,1.5,9.1,90.7,1
9.15,7.9,6.5,9.4,98.9,1
6.99,6.9,3.2,4.5,72.2,0
8.34,2.4,4.5,5.4,45.5,0
6.02,8.9,1.7,9.1,52.7,1
6.47,5.9,2.3,8.3,62.7,1
9.48,3.5,3.7,1.0,76.8,0
5.07,4.8,1.8,3.9,49.1,0
5.43,1.3,9.2,4.8,96.9,0
6.04,2.2,1.1,3.1,65.1,0
5.13,7.9,5.4,2.8,95.2,0
5.91,1.0,2.1,1.3,87.9,0
7.92,4.7,3.8,6.8,86.5,1
7.11,5.7,9.3,3.4,78.4,0
9.46,1.5,2.5,1.5,79.5,0
9.09,9.8,9.7,3.1,80.1,1
6.71,3.0,2.9,8.2,79.6,0
6.3,3.7,7.7,8.7,75.5,1
6.9,3.7,5.9,5.3,99.3,0
7.95,3.1,9.0,4.7,85.3,1
6.34,1.0,6.0,9.8,87.7,1
8.12,7.6,5.8,2.8,93.0,1
7.05,9.7,2.8,2.9,56.9,0
7.76,3.0,2.5,3.6,49.6,0
7.18,7.0,9.2,2.6,71.6,0
6.47,7.7,4.0,4.4,73.3,0
9.74,8.6,4.3,9.2,90.6,1
8.82,4.8,7.8,6.5,69.4,1
5.7,3.7,4.0,4.7,76.4,0
9.34,3.9,9.6,9.4,74.0,1
7.44,7.4,7.6,1.4,47.1,0
9.47,8.4,6.4,2.9,78.8,1
9.0,2.6,8.9,6.1,90.5,1
7.13,4.3,1.4,6.5,53.7,0
5.11,9.1,3.3,1.4,77.7,0
6.34,8.3,5.2,4.6,77.6,0
7.71,9.9,3.0,6.8,54.0,1
8.17,7.8,7.7,7.3,51.8,1
6.29,4.5,9.3,6.7,98.9,1
5.7,6.3,4.8,3.9,66.7,0
9.17,6.9,4.1,1.8,57.5,0
9.92,1.7,9.7,4.8,54.4,1
7.63,5.9,5.0,2.2,81.7,0
5.86,7.4,5.4,9.5,78.5,1
6.36,2.5,4.2,5.3,80.4,0
5.09,8.0,9.2,3.9,49.8,0
9.57,6.3,6.1,7.9,94.1,1
5.59,9.6,7.9,5.5,66.4,1
7.88,1.4,8.3,3.8,62.2,0
6.37,3.4,4.1,8.3,70.4,0
7.77,6.4,4.9,8.8,66.5,1
8.26,3.7,8.6,7.1,92.5,1
9.15,7.4,4.3,1.4,96.1,0
6.03,7.8,8.1,6.1,61.7,1
5.05,1.9,9.5,7.9,92.5,0
5.68,5.6,6.6,2.2,88.0,0
9.5,5.6,7.7,3.1,96.2,1
9.37,4.3,8.2,8.9,58.5,1
7.99,9.4,8.6,1.2,76.7,1
8.0,8.4,4.6,7.8,60.1,1
8.33,7.3,1.5,5.3,90.3,1
5.88,7.4,4.6,5.0,45.3,0
9.57,5.2,7.1,1.1,76.1,0
7.09,9.3,5.1,8.4,63.7,1
6.92,7.3,7.7,4.2,62.7,0
7.59,7.6,4.2,5.9,80.5,1
5.23,8.8,6.7,7.1,91.8,1
5.83,3.5,2.7,7.3,78.5,0
8.69,8.3,7.7,9.6,91.9,1
5.41,2.8,5.9,5.8,59.6,0
8.02,4.1,2.8,4.6,73.6,0
6.23,4.0,3.6,9.6,69.8,1
6.95,9.8,7.7,6.8,45.6,1
6.44,8.7,5.3,3.7,75.6,0
6.78,7.3,2.9,2.1,81.4,0
8.6,7.5,9.7,8.6,77.6,1
6.49,6.1,7.4,4.3,85.5,0
7.83,9.5,9.6,6.9,76.4,1
7.38,5.5,4.8,5.2,48.7,0
8.32,4.4,5.3,2.8,51.4,0
9.68,2.5,9.1,6.4,77.8,1
8.66,8.1,5.7,1.5,60.1,0
6.07,7.6,7.4,4.7,49.4,0
5.16,4.5,3.3,5.9,68.6,0
6.31,1.2,5.0,4.9,75.5,0
7.98,8.6,2.1,7.7,63.1,1
5.26,1.1,2.9,8.5,84.6,0
7.48,7.3,1.0,7.9,80.4,1
7.98,9.7,1.4,1.3,63.3,0
6.67,4.9,9.8,2.7,86.5,0
8.85,3.1,3.2,5.8,80.7,1
5.53,7.3,7.0,9.4,80.1,1
5.38,8.4,8.6,8.5,75.4,1
8.64,5.9,6.0,8.6,45.6,1
7.48,9.7,2.4,3.7,83.3,0
8.44,1.5,7.6,4.9,65.7,0
7.17,5.5,6.4,5.2,96.8,1
6.23,7.5,7.6,2.4,90.0,0
9.1,8.8,7.9,1.3,77.3,1
9.0,2.6,9.8,9.5,58.9,1
8.47,8.2,6.2,3.2,56.2,1
6.36,6.0,4.1,3.2,63.7,0
7.95,4.6,6.8,1.8,71.2,0
6.8,2.2,1.6,9.4,61.3,0
5.46,8.8,9.1,6.2,73.3,1
9.59,2.4,2.1,7.0,54.1,1
5.68,3.8,4.0,9.2,98.8,1
9.75,3.6,8.3,4.1,50.9,1
7.23,8.8,6.4,6.6,96.3,1
5.93,7.1,4.5,1.3,95.2,0
7.71,8.2,5.3,2.7,73.9,0
9.36,3.3,8.7,8.5,84.9,1
8.66,6.6,4.1,7.9,69.0,1
9.03,6.1,8.8,4.2,79.7,1
8.29,8.5,1.8,4.4,63.7,0
8.46,9.2,8.0,5.8,61.6,1
9.25,1.1,8.6,1.0,76.8,0
6.25,7.1,2.6,3.2,72.4,0
7.45,1.5,4.9,2.9,76.9,0
6.11,5.9,2.5,3.3,60.8,0
9.94,3.6,7.4,8.3,65.2,1
9.72,3.8,5.8,3.5,49.6,0
5.2,4.2,6.7,2.7,47.9,0
8.53,6.6,2.8,5.5,58.9,1
9.63,4.0,2.9,8.8,49.1,1
5.9,7.6,1.4,3.2,50.7,0
7.84,4.6,3.9,1.7,89.7,0
9.58,1.6,6.0,4.2,47.1,0
5.17,8.1,8.7,7.7,81.2,1
8.49,3.6,7.0,6.0,60.0,1
6.49,4.9,4.9,8.4,92.9,1
9.62,7.2,9.6,9.6,71.7,1
9.86,4.0,7.5,8.1,61.8,1
9.72,1.5,9.4,6.4,73.5,1
7.37,4.4,5.7,5.4,66.0,0
9.31,9.5,3.3,1.4,76.0,0
9.22,6.8,1.5,9.9,51.3,1
6.6,7.0,7.5,4.5,99.8,1
9.14,6.7,2.1,2.4,68.4,0
5.19,2.8,3.7,7.0,64.2,0
7.98,4.8,5.8,3.6,84.1,0
6.15,7.8,6.1,6.3,65.0,1
5.6,1.9,6.4,6.3,90.8,0
5.38,3.5,2.5,5.0,70.0,0
8.48,3.5,4.4,8.5,84.6,1
6.7,4.9,6.6,3.4,50.9,0
8.62,9.8,9.7,5.0,91.5,1
5.33,1.6,7.5,5.8,85.5,0
6.58,5.7,9.3,7.0,56.6,1
7.7,2.6,7.9,8.1,53.0,1
8.95,9.7,6.3,4.6,62.4,1
6.59,2.0,2.7,6.8,98.7,0
8.13,4.6,7.0,2.4,59.1,0
9.43,7.6,6.6,9.4,70.1,1
8.08,7.3,6.4,4.4,46.7,1
6.16,4.8,5.4,7.6,66.8,0
5.12,4.1,5.8,1.2,76.4,0
9.35,4.6,4.0,2.8,97.4,0
5.11,3.4,5.7,5.4,73.4,0
9.37,2.8,2.8,8.9,90.1,1
7.64,5.3,8.2,5.7,75.1,1
9.7,3.4,2.7,9.4,47.2,1
8.99,3.6,1.8,5.4,62.3,0
9.99,6.9,4.9,5.4,76.7,1
6.75,9.7,6.9,2.1,97.3,0
8.84,6.4,4.9,8.2,92.3,1
7.01,1.7,3.5,3.2,57.6,0
7.4,1.7,6.0,9.1,57.1,1
8.14,9.6,4.1,9.2,56.1,1
9.37,3.7,9.4,9.5,95.7,1
9.92,1.8,9.3,5.7,91.9,1
8.84,6.4,5.5,7.1,87.6,1
7.09,6.6,4.0,8.0,66.6,1
7.11,6.8,7.6,2.2,72.7,0
8.69,3.4,1.3,6.4,70.5,0
6.19,1.1,5.3,1.3,58.9,0
5.55,9.7,4.0,5.5,72.8,0
6.77,3.3,9.3,2.4,46.7,0
6.44,7.1,1.1,2.6,52.2,0
6.48,7.4,6.0,4.3,93.8,0
6.17,6.5,7.7,4.9,86.3,0
5.21,3.8,5.4,6.6,68.3,0
5.09,3.4,1.8,1.7,73.4,0
9.94,6.4,9.8,5.5,65.3,1
7.14,8.8,5.7,2.6,85.7,0
6.92,9.5,6.5,6.2,88.1,1
8.4,2.0,3.1,6.7,87.0,1
6.09,2.4,5.4,6.0,84.7,0
9.75,9.5,4.9,7.6,56.2,1
8.93,7.6,1.7,4.0,63.6,0
5.45,8.9,2.0,7.9,70.8,1
7.09,2.8,8.5,4.9,63.2,0
9.4,6.3,3.2,5.4,86.5,1
9.72,7.3,2.8,6.8,63.1,1
7.34,7.1,5.5,1.2,52.6,0
8.07,4.7,7.9,6.9,66.9,1
5.84,1.1,1.6,6.6,98.9,0
9.96,6.2,6.2,3.8,57.4,1
6.16,3.3,2.1,1.8,78.7,0
9.71,5.1,1.3,1.8,68.8,0
8.25,9.6,1.5,9.3,48.9,1
8.04,4.6,8.5,7.2,71.8,1
7.56,8.6,2.1,2.1,83.6,0
6.15,2.7,1.4,4.2,73.2,0
5.88,7.1,4.9,6.3,93.0,0
6.1,9.8,8.6,8.5,60.9,1
5.93,1.9,3.4,1.4,49.7,0
8.9,1.1,4.8,3.1,96.5,0
6.75,4.9,1.4,9.0,65.8,1
5.29,1.8,5.0,1.1,76.7,0
9.85,7.7,6.2,2.8,88.6,1
9.42,9.2,6.1,9.6,62.8,1
9.64,4.9,4.0,6.5,84.4,1
9.97,3.3,3.8,3.4,52.4,0
5.87,4.9,2.0,1.6,61.0,0
6.98,7.5,4.3,1.3,53.0,0
8.79,1.1,1.9,3.2,89.6,0
8.48,6.3,7.9,8.9,57.2,1
5.77,6.5,9.7,4.7,84.5,0
9.08,6.7,9.7,7.5,96.9,1
6.12,3.2,8.8,9.3,74.0,1
6.12,7.4,6.4,4.7,74.7,0
7.68,1.8,7.3,2.7,70.4,0
7.96,2.8,3.6,5.7,62.9,0
7.9,8.9,6.7,9.2,71.2,1
5.46,7.6,5.1,8.2,78.2,1
9.39,1.1,5.3,1.6,99.2,0
6.33,3.2,7.8,7.2,96.6,1
5.65,2.9,3.5,6.1,92.4,0
9.44,3.4,3.9,9.2,93.9,1
9.78,3.2,9.3,2.1,70.7,1
9.31,1.6,1.5,5.8,81.2,0
9.05,5.1,5.4,8.9,94.2,1
8.28,7.6,9.2,4.7,66.6,1
7.75,6.5,6.5,5.3,97.9,1
5.43,7.1,5.9,1.6,67.9,0
7.04,1.7,3.2,3.5,78.1,0
6.86,9.6,4.1,3.9,84.0,0
6.3,8.5,8.7,9.5,97.3,1
8.62,8.2,6.0,3.5,58.5,1
7.48,8.4,5.6,5.1,86.0,1
5.41,9.4,1.9,7.0,73.6,0
6.1,5.9,1.1,2.5,59.8,0
8.42,2.8,9.7,5.4,87.7,1
5.38,6.6,4.4,7.6,75.4,0
9.26,7.7,6.4,8.8,81.4,1
7.48,7.6,1.7,6.6,62.8,1
7.4,5.7,7.1,7.0,71.5,1
7.96,1.6,9.4,2.1,79.0,0
9.12,4.3,6.2,9.5,67.3,1
6.74,9.3,2.1,2.2,55.9,0
8.39,6.3,6.2,8.0,97.9,1
7.83,5.8,7.9,3.4,73.1,0
6.34,3.4,4.7,9.4,85.4,1
9.39,4.3,8.9,7.5,67.6,1
8.99,9.1,6.8,7.8,64.5,1
8.29,7.0,9.1,3.0,67.4,1
9.25,8.1,6.6,5.0,67.5,1
9.34,5.1,2.2,6.6,74.9,1
8.54,6.7,3.8,7.9,74.9,1
9.19,3.2,2.8,1.9,72.3,0
8.49,7.3,9.2,9.7,52.4,1
8.4,4.8,7.8,9.0,72.3,1
8.09,5.0,7.1,3.4,54.3,0
8.76,6.8,3.7,8.4,51.9,1
5.79,9.4,2.7,5.7,96.3,0
9.4,1.6,7.8,5.2,78.3,1
9.36,8.4,5.3,3.8,81.3,1
5.15,3.6,3.0,6.2,67.1,0
9.13,5.0,6.5,7.6,95.0,1
5.64,1.2,1.4,4.7,80.1,0
6.68,3.7,3.9,6.7,87.3,0
8.72,5.5,5.2,7.3,65.3,1
5.8,1.5,2.3,7.4,97.8,0
9.09,5.4,9.9,1.5,90.1,1
9.16,9.3,2.9,8.7,92.0,1
7.54,1.9,2.2,5.1,54.5,0
5.03,7.9,2.8,3.4,59.9,0
6.44,4.7,7.9,3.2,60.7,0
8.08,6.9,4.8,5.3,59.9,1
9.91,3.3,6.1,9.0,92.0,1
8.16,2.4,1.2,4.4,46.8,0
6.3,2.4,1.3,7.7,49.2,0
8.17,1.6,5.0,1.9,60.1,0
7.7,2.7,8.3,5.3,56.0,0
8.9,7.0,9.0,9.9,57.8,1
5.53,8.9,1.8,7.9,88.9,1
8.81,8.3,5.8,2.9,76.0,1
7.71,7.2,9.2,5.5,45.3,1
9.81,2.0,4.5,3.1,68.6,0
6.71,3.6,8.5,4.7,67.4,0
8.16,3.8,2.2,8.0,51.3,1
9.66,3.2,9.4,7.9,82.2,1
5.51,5.6,7.8,3.1,83.6,0
9.69,5.8,9.5,9.3,84.6,1
8.44,4.2,7.1,6.3,85.1,1
5.34,4.2,4.3,4.4,45.0,0
6.5,8.5,9.4,5.5,97.5,1
8.54,8.1,3.5,6.4,89.8,1
5.34,3.8,4.0,6.0,94.7,0
7.91,9.2,7.3,5.4,45.9,1
6.73,9.6,7.9,5.5,96.4,1
8.1,3.9,9.4,2.6,89.5,0
5.23,4.2,2.8,8.3,91.0,0
9.36,5.6,8.2,5.9,50.1,1
9.87,9.5,7.6,2.2,85.6,1
9.84,8.9,1.6,7.9,97.8,1
8.75,1.9,4.5,9.4,82.3,1
5.65,4.5,3.5,9.5,76.4,1
8.79,6.0,3.7,4.3,97.0,1
5.12,5.5,9.8,2.2,69.4,0
5.11,2.7,6.8,5.7,78.0,0
6.62,8.7,7.5,2.0,71.2,0
7.44,7.1,9.8,9.4,96.3,1
8.85,8.5,4.4,2.7,49.2,0
8.42,8.7,8.2,3.3,72.6,1
7.23,7.7,4.9,4.7,82.8,1
6.37,5.0,8.8,4.4,88.6,0
9.99,6.5,2.6,8.2,77.1,1
7.13,2.4,9.5,5.1,95.0,0
7.26,7.1,3.0,2.5,96.8,0
5.82,2.6,3.9,3.4,48.5,0
8.97,7.2,7.8,5.6,67.1,1
8.47,3.1,4.5,2.3,46.3,0
6.1,2.1,6.5,6.5,63.1,0
5.41,2.5,5.0,6.1,74.5,0
8.4,1.0,7.7,7.4,95.1,1
8.27,7.5,3.1,9.4,91.6,1
6.37,7.6,1.5,9.2,52.0,1
9.75,5.6,3.7,9.5,50.1,1
5.76,2.5,5.3,3.2,77.4,0
7.16,1.8,2.5,2.2,74.3,0
9.72,1.2,4.2,3.7,59.7,0
7.1,2.5,4.6,9.1,94.5,1
8.19,9.0,1.5,9.7,96.0,1
6.99,3.2,6.2,8.7,67.1,1
6.37,4.2,9.0,2.0,94.0,0
9.92,1.9,2.4,9.5,66.1,1
7.05,3.0,6.4,4.8,85.5,0
9.47,5.7,7.0,1.1,71.2,0
6.15,6.5,4.8,5.0,51.7,0
6.07,3.2,7.3,1.4,96.0,0
5.16,1.5,4.7,5.9,70.0,0
8.26,4.5,5.5,4.0,85.4,0
6.84,3.1,1.1,5.3,65.2,0
9.32,3.0,7.2,6.5,46.0,1
7.37,9.6,7.0,8.8,50.5,1
9.84,6.5,1.3,7.0,72.3,1
5.93,6.0,4.3,4.9,82.9,0
9.34,4.7,9.8,8.4,63.4,1
8.88,4.9,4.8,9.2,83.3,1
8.85,5.9,5.5,2.1,83.4,0
9.22,7.3,9.2,5.8,83.7,1
8.81,7.3,7.5,3.6,72.1,1
8.13,2.5,6.2,1.4,95.3,0
5.66,5.5,8.2,7.0,71.9,1
5.16,4.7,8.8,8.8,69.8,1
9.6,8.8,5.1,2.5,56.0,1
8.08,6.7,5.3,8.3,61.9,1
8.98,5.8,4.5,8.7,47.3,1
7.41,2.0,9.7,9.2,79.8,1
5.59,6.5,7.3,3.4,58.7,0
5.63,2.1,1.7,9.1,61.7,0
8.43,4.0,8.8,3.9,87.4,1
7.15,2.3,5.3,6.0,63.0,0
6.0,7.2,1.6,1.5,58.3,0
7.46,2.9,5.9,1.4,54.3,0
5.32,4.5,4.8,7.5,87.6,0
7.91,9.1,8.9,5.0,52.1,1
6.34,2.8,2.8,3.3,70.0,0
8.99,5.6,8.4,2.7,72.9,1
6.55,4.8,6.0,7.0,82.8,1
7.28,1.2,1.5,1.0,79.8,0
5.06,8.1,9.7,8.3,89.6,1
5.36,1.6,5.6,1.7,47.5,0
6.96,5.3,3.6,2.7,61.3,0
7.4,6.0,5.2,4.5,60.4,0
8.0,6.7,8.7,5.4,53.0,1
6.46,7.2,3.7,4.2,60.9,0
8.47,3.3,2.7,3.9,62.0,0
9.3,1.1,2.2,9.7,73.7,1
8.9,7.5,3.7,6.8,81.5,1
5.2,5.8,8.0,1.2,66.0,0
7.4,8.5,5.2,4.9,84.6,1
5.52,8.4,3.0,8.9,63.5,1
6.21,8.6,2.5,3.7,61.0,0
9.93,5.4,4.0,1.9,74.8,0
5.71,4.0,9.5,7.8,46.3,1
7.49,8.1,4.1,6.5,49.4,1
8.09,5.1,9.9,6.1,68.0,1
8.51,2.7,5.4,1.5,96.9,0
7.8,8.7,2.6,2.3,84.7,0
5.05,8.9,9.0,6.6,49.8,1
6.63,5.2,5.1,2.9,91.5,0
7.59,1.7,7.4,5.5,85.3,0
5.44,4.5,9.9,5.9,78.6,0
6.75,8.2,1.5,3.6,90.1,0
5.17,9.1,1.9,9.5,67.2,1
5.39,2.8,7.5,8.6,57.2,0
6.98,1.6,3.5,7.5,73.2,0
5.66,8.9,2.7,1.7,75.2,0
7.84,4.5,1.4,2.0,74.6,0
8.45,5.9,1.2,5.4,76.1,0
9.0,9.7,8.0,2.4,97.2,1
6.0,1.6,2.2,9.8,94.6,0
5.84,6.8,5.2,2.4,93.2,0
5.52,1.7,6.5,5.4,89.1,0
8.18,4.4,4.9,4.3,96.9,0
8.53,8.2,1.2,6.8,50.4,1
5.16,4.9,8.1,2.2,59.6,0
9.68,10.0,1.1,4.9,72.2,1
5.26,6.0,7.9,3.5,91.6,0
7.71,3.9,9.0,9.0,72.8,1
8.55,3.0,4.9,1.4,86.1,0
9.35,4.2,5.8,9.2,52.6,1
8.57,4.4,5.3,8.5,58.9,1
9.01,1.6,4.5,3.7,85.2,0
6.7,4.3,9.0,8.1,54.1,1
9.07,5.2,9.0,1.3,64.3,0
5.4,7.5,4.0,9.7,59.6,1
9.47,6.9,6.5,5.7,64.2,1
7.74,7.4,9.3,3.7,84.0,1
9.09,1.1,9.7,4.3,65.2,1
7.26,3.0,5.6,1.6,75.5,0
8.22,7.0,5.1,9.9,50.5,1
7.63,5.4,3.5,1.4,89.3,0
8.66,1.0,9.6,6.9,65.3,1
5.41,8.2,2.3,5.0,80.7,0
5.3,8.0,6.2,9.5,84.9,1
6.24,5.9,3.5,3.2,56.5,0
5.8,1.6,3.5,5.8,93.7,0
9.36,7.9,4.6,5.3,78.9,1
6.1,6.3,10.0,7.3,68.6,1
9.88,8.0,1.5,1.6,55.0,0
6.68,7.8,6.2,2.7,96.8,0
5.91,8.2,1.7,2.9,86.5,0
8.95,5.7,2.4,7.6,56.4,1
8.29,2.3,5.0,2.7,63.6,0
7.49,7.0,5.6,6.2,89.5,1
7.78,6.6,3.3,2.9,83.3,0
8.6,7.7,3.8,8.8,87.1,1
6.14,2.5,1.8,9.5,69.3,0
9.98,2.8,3.7,5.7,84.4,1
9.87,9.0,9.7,4.2,66.3,1
8.25,7.7,9.5,3.1,56.6,1
6.0,9.2,4.0,1.4,79.8,0
8.4,7.8,6.1,3.4,98.7,1
5.36,6.4,9.2,6.9,62.1,1
5.15,6.9,1.1,5.8,70.4,0
6.29,9.0,8.3,9.5,82.1,1
7.31,6.2,9.5,4.6,74.8,1
9.34,6.7,1.8,7.2,91.4,1
8.64,2.4,2.5,5.4,86.9,0
8.71,5.3,9.6,5.6,48.2,1
7.13,7.4,5.8,3.4,99.9,0
6.73,3.4,1.1,5.1,86.4,0
6.86,2.8,3.3,5.2,92.5,0
9.94,3.8,5.0,7.4,80.8,1
5.2,3.2,7.2,9.5,92.1,1
9.34,2.9,7.6,4.0,51.2,1
7.89,4.8,10.0,1.4,64.1,0
7.19,9.2,3.6,5.5,93.2,1
8.63,5.6,5.8,5.9,56.1,1
7.43,2.7,5.8,2.5,49.3,0
9.37,1.7,4.7,7.8,88.3,1
9.5,7.3,2.5,9.9,91.0,1
7.11,4.4,9.8,9.5,53.9,1
6.38,8.4,8.7,2.8,92.0,0
7.96,6.9,5.5,8.9,82.8,1
9.56,8.2,6.4,7.3,73.6,1
6.05,3.4,3.0,5.1,90.7,0
8.11,7.2,5.9,5.9,68.1,1
8.16,3.4,7.3,8.6,55.7,1
8.67,9.5,5.6,5.3,60.7,1
5.66,6.7,9.9,4.4,72.8,0
8.58,3.9,6.5,5.4,74.2,1
9.55,3.4,4.3,6.2,89.3,1
5.9,2.7,7.9,2.7,88.5,0
6.19,7.3,2.5,9.1,77.0,1
9.86,3.0,4.5,7.1,87.9,1
5.9,6.4,4.1,6.7,55.5,0
9.27,3.4,4.9,1.9,47.8,0
7.46,7.0,8.0,6.4,93.0,1
6.24,8.3,5.4,2.1,49.2,0
9.35,8.0,8.1,1.7,58.6,1
7.23,7.8,6.2,5.7,83.2,1
7.57,2.7,4.1,4.6,67.5,0
6.8,1.8,8.3,6.3,93.2,0
7.96,7.3,3.1,1.8,61.4,0
5.82,4.3,3.0,4.9,45.7,0
6.96,4.9,5.5,2.6,61.5,0
9.85,1.3,3.3,9.9,76.8,1
6.29,3.3,1.1,6.1,65.7,0
8.28,1.3,6.8,7.2,74.4,1
6.63,8.9,5.6,3.9,93.2,0
8.87,3.2,5.0,1.9,95.2,0
5.65,6.0,9.7,9.8,59.6,1
9.85,1.4,6.1,3.6,70.4,0
7.27,7.0,8.8,4.8,75.2,1
6.18,3.9,2.3,6.8,97.2,0
5.37,9.1,6.1,1.2,99.9,0
5.85,9.0,8.8,8.3,57.9,1
7.6,3.9,6.2,5.8,85.0,1
6.69,9.1,7.5,3.5,65.8,0
9.14,10.0,4.3,1.6,45.4,0
7.15,8.4,1.8,2.5,45.5,0
6.24,8.6,5.1,9.1,70.3,1
8.09,3.2,4.6,7.2,71.9,1
8.53,6.2,8.8,3.2,46.2,1
5.84,1.6,3.2,1.6,82.8,0
5.84,1.9,9.7,7.2,61.2,0
5.18,10.0,9.6,6.2,75.8,1
8.68,3.9,3.2,4.6,61.6,0
8.32,7.7,4.1,4.3,54.2,1
7.37,8.3,9.1,3.0,67.4,1
9.22,8.7,9.7,7.0,57.8,1
9.03,10.0,5.0,9.7,74.4,1
7.93,3.2,3.9,2.6,55.9,0
9.34,1.4,5.7,6.4,73.0,1
6.03,4.7,7.2,4.8,53.7,0
5.56,2.2,3.5,5.0,81.9,0
6.35,1.2,7.6,3.3,86.5,0
5.29,4.2,1.5,8.4,51.1,0
7.66,8.1,1.4,5.4,70.7,0
9.68,6.1,4.5,5.9,48.9,1
5.2,3.8,4.2,3.7,77.9,0
5.61,6.9,3.8,2.6,59.5,0
7.26,3.1,5.4,1.8,74.0,0
9.67,1.1,3.9,7.4,73.5,1
6.58,7.9,2.7,2.8,95.8,0
7.54,6.6,3.8,7.2,75.2,1
5.21,7.9,9.8,4.5,77.1,0
5.74,1.4,4.7,4.7,67.1,0
9.93,8.5,5.0,5.2,97.2,1
9.83,6.6,6.2,4.3,87.7,1
5.02,6.1,9.9,1.9,60.7,0
9.76,6.6,3.2,3.8,91.4,1
8.2,8.8,7.1,7.0,68.8,1
9.34,6.3,7.4,7.0,90.6,1
7.27,6.2,6.5,3.6,90.3,0
7.58,9.9,1.8,5.1,55.4,1
7.44,7.8,7.1,2.7,83.6,0
8.33,5.0,1.6,2.9,61.0,0
5.7,7.4,6.4,1.2,61.4,0
5.15,4.5,7.7,9.1,61.3,1
6.54,3.1,2.9,2.9,84.9,0
8.52,6.4,8.6,3.0,57.6,1
6.01,9.4,1.3,3.5,45.0,0
8.37,9.4,8.6,2.1,84.3,1
9.85,4.1,5.1,6.8,54.4,1
5.47,5.7,3.0,1.7,50.7,0
8.36,2.9,2.2,2.2,58.1,0
7.22,10.0,9.6,6.8,65.9,1
9.34,9.8,1.7,4.1,71.2,1
5.89,6.8,2.8,7.4,47.5,0
8.46,8.2,4.1,6.0,98.4,1
9.19,7.4,6.6,3.3,84.4,1
9.72,6.3,5.9,6.9,62.8,1
8.42,1.5,2.1,2.0,62.5,0
7.49,5.1,3.6,5.8,69.7,0
8.09,7.1,3.1,4.9,79.4,1
9.34,7.1,2.9,3.4,53.1,0
7.85,4.4,4.7,6.4,55.4,1
5.15,9.5,7.3,8.8,92.3,1
9.65,2.5,3.0,10.0,59.1,1
8.45,5.5,4.3,6.5,65.9,1
8.38,7.2,4.5,4.6,92.9,1
6.08,7.3,9.8,3.0,81.5,0
8.29,6.8,9.6,3.3,63.8,1
6.97,3.5,8.2,5.3,82.6,0
8.26,2.4,3.2,4.3,46.1,0
5.53,6.7,1.6,9.2,85.5,1
8.29,6.4,3.9,4.3,71.8,0
10.0,2.6,3.4,4.4,89.7,1
5.24,7.3,5.6,4.5,97.5,0
9.89,5.1,8.0,8.5,95.9,1
7.03,7.0,8.7,6.9,95.0,1
9.35,8.5,8.6,6.5,73.2,1
8.91,2.5,4.2,4.0,64.8,0
7.84,1.2,7.2,8.4,70.6,1
8.69,8.0,3.8,1.3,82.9,0
9.39,6.5,1.5,8.8,93.6,1
7.02,7.3,7.3,5.6,56.4,1
6.64,8.5,1.1,4.6,95.5,0
8.34,8.2,4.7,5.5,89.8,1
9.04,9.6,4.0,7.0,98.8,1
8.81,5.8,7.2,1.1,93.4,0
8.99,5.4,7.9,8.8,60.4,1
7.18,4.6,3.7,5.0,50.8,0
9.09,2.4,8.3,4.1,51.2,0
5.6,6.2,3.6,2.2,61.0,0
7.72,3.5,5.0,5.0,78.8,0
5.03,9.3,7.5,5.5,89.2,1
6.62,6.2,7.2,4.6,94.5,0
6.83,6.3,9.9,7.1,79.3,1
6.98,4.2,3.0,4.8,45.3,0
8.48,1.5,7.0,9.7,55.2,1
6.94,1.3,6.5,6.4,50.5,0
7.24,4.8,9.2,8.3,65.0,1
6.19,1.8,2.4,2.0,72.6,0
6.87,6.5,7.8,4.6,47.4,0
6.14,8.9,6.1,4.0,64.2,0
5.37,8.9,3.5,6.1,54.9,0
8.02,6.9,5.3,8.8,80.6,1
8.34,2.9,4.0,1.7,70.5,0
8.1,8.8,6.2,1.7,72.2,0
7.32,9.0,9.0,8.7,68.5,1
6.9,2.8,6.1,2.9,97.6,0
9.32,7.6,6.7,7.0,56.8,1
7.6,3.6,5.7,5.9,73.4,0
7.4,8.2,1.5,8.5,85.5,1
5.13,10.0,3.1,2.1,75.6,0
6.71,1.3,5.4,2.2,96.1,0
6.9,9.1,3.8,6.0,65.8,1
6.99,6.6,2.6,9.5,70.5,1
7.9,9.8,5.5,4.7,49.9,1
7.67,5.2,3.9,3.9,78.5,0
8.04,8.6,3.3,6.5,60.9,1
8.82,1.6,5.2,9.4,53.8,1
9.06,4.0,2.2,8.5,74.9,1
8.59,1.6,9.3,10.0,74.3,1
9.78,9.8,8.8,1.2,49.2,1
5.09,8.4,7.4,2.0,83.4,0
5.98,8.7,2.0,6.5,79.3,0
5.04,9.4,8.0,8.4,55.4,1
8.24,1.8,8.3,3.6,70.8,0
9.49,4.5,7.9,3.2,84.6,1
6.22,1.6,2.0,8.1,74.1,0
9.64,2.9,6.8,1.5,66.8,0
5.3,3.1,8.5,4.3,62.7,0
9.67,5.2,6.2,5.6,78.6,1
6.76,3.4,6.8,6.0,96.7,0
5.51,1.9,5.1,7.6,81.9,0
7.43,2.5,5.8,4.2,49.1,0
6.28,2.3,1.3,6.5,70.3,0
6.42,9.8,6.8,6.3,94.0,1
6.54,7.8,1.7,5.9,50.2,0
9.02,9.7,4.9,6.8,99.4,1
7.7,5.0,3.6,3.3,97.2,0
6.56,3.5,5.9,1.8,49.3,0
8.05,8.2,2.2,2.1,96.3,0
8.58,3.9,7.2,3.0,65.0,0
6.36,3.7,8.2,5.5,91.5,0
7.07,3.1,2.5,8.6,68.0,0
5.61,2.2,1.9,7.3,69.2,0
5.91,3.3,2.3,8.1,79.9,0
8.41,4.2,8.9,4.2,87.6,1
5.91,7.1,5.8,4.6,46.9,0
7.63,1.6,5.2,4.5,77.6,0
8.55,2.9,2.0,2.7,55.3,0
5.53,8.3,6.8,1.6,64.0,0
7.84,2.3,8.8,6.3,64.1,1
6.28,4.1,8.5,9.9,70.8,1
9.81,8.8,6.6,2.5,63.4,1
7.42,2.4,1.7,1.4,50.9,0
9.03,1.7,2.0,8.0,53.0,1
7.75,5.4,1.4,3.3,46.8,0
5.22,3.7,3.3,8.5,70.9,0
8.17,6.1,2.2,7.3,97.5,1
9.76,8.2,3.3,9.5,51.4,1
8.01,2.2,4.5,4.7,97.0,0
9.1,6.2,9.5,7.0,85.3,1
9.42,5.5,6.5,5.2,80.1,1
6.14,2.3,8.5,6.7,80.5,0
6.06,6.6,7.4,5.0,90.5,0
8.05,3.5,2.0,2.7,50.9,0
7.06,5.4,7.6,5.6,72.8,1
9.2,1.7,3.5,5.8,83.3,1
9.5,5.1,6.8,8.3,77.3,1
6.77,3.8,4.1,7.6,90.8,1
6.18,8.4,10.0,7.0,49.0,1
8.9,1.5,3.4,2.0,83.0,0
6.37,4.8,3.5,7.5,74.4,0
9.11,5.1,9.4,5.5,65.9,1
7.12,7.5,1.2,9.0,63.7,1
8.34,6.2,7.3,9.3,79.1,1
5.48,7.0,7.5,1.5,94.0,0
8.12,8.0,8.5,8.4,72.3,1
7.26,8.8,9.8,1.3,90.4,0
7.93,3.8,9.8,4.3,67.1,1
5.84,5.8,1.6,5.9,50.6,0
8.68,8.6,8.4,2.3,48.4,1
9.31,9.9,6.8,7.7,47.8,1
6.08,9.0,6.8,1.1,65.9,0
5.48,4.3,2.2,2.5,63.5,0
5.12,2.8,6.9,6.2,84.5,0
8.21,5.4,9.8,7.4,85.9,1
8.04,7.7,9.2,9.2,47.8,1
7.73,5.4,5.0,7.3,57.2,1
6.16,5.3,1.4,7.0,60.1,0
6.95,8.5,4.3,4.5,75.1,0
7.97,4.3,8.4,1.0,52.9,0
7.48,8.7,7.3,2.1,52.4,0
9.94,4.7,5.1,5.8,96.9,1
5.68,4.0,1.5,7.1,89.2,0
8.48,5.1,4.8,4.8,54.9,0
7.02,7.9,5.2,7.6,67.4,1
7.14,2.1,9.4,5.7,64.6,0
8.59,2.8,6.8,1.7,88.5,0
8.46,9.6,3.8,2.7,73.1,1
9.96,2.6,5.7,8.6,52.0,1
5.64,6.1,1.6,7.5,85.6,0
5.52,6.2,9.8,9.1,66.8,1
8.62,5.4,4.2,2.1,59.5,0
7.89,6.8,5.3,9.9,65.7,1
6.37,3.1,4.2,2.9,72.4,0
5.4,6.0,7.1,1.1,63.9,0
5.43,4.3,7.0,10.0,58.3,1
9.47,7.0,7.4,3.5,66.9,1
5.96,2.3,3.4,7.0,46.1,0
6.62,6.1,3.8,2.6,87.5,0
6.13,2.7,2.1,6.2,54.4,0
6.77,3.5,6.9,9.1,47.4,1
5.35,3.0,1.4,3.9,81.0,0
7.6,2.6,6.4,7.0,87.6,1
5.34,8.4,8.8,2.7,89.8,0
9.0,3.6,9.0,6.6,72.1,1
6.17,9.3,5.0,4.0,56.3,0
7.7,9.7,5.1,2.9,85.5,1
9.4,6.1,1.7,3.8,83.5,1
8.25,2.3,7.0,2.6,58.5,0
7.66,4.4,8.4,9.1,94.7,1
6.62,8.2,3.2,4.6,50.7,0
6.67,4.3,4.8,3.2,99.0,0
8.35,1.8,8.5,5.0,92.3,1
9.97,6.0,8.9,3.9,82.8,1
8.31,8.6,3.2,7.7,96.6,1
7.79,8.2,6.0,9.7,84.7,1
8.65,2.6,2.7,4.9,55.5,0
7.33,7.1,1.9,8.7,69.3,1
5.3,3.0,9.2,6.1,48.9,0
7.81,3.0,8.4,2.4,66.4,0
9.79,8.9,7.8,7.2,85.8,1
5.88,3.2,1.4,5.6,66.3,0
8.45,3.4,8.6,6.9,63.2,1
6.0,1.0,4.9,9.0,77.7,0
7.68,8.8,4.1,5.0,93.0,1
5.48,8.1,5.9,9.1,47.6,1
7.25,6.6,1.8,7.8,66.2,1
8.78,7.8,7.8,5.4,53.7,1
6.74,2.4,6.2,6.4,83.2,0
8.32,5.1,2.7,3.9,50.8,0
8.98,4.2,2.7,9.9,81.6,1
9.64,1.8,2.7,7.0,60.7,1
6.17,5.4,1.5,1.4,55.9,0
7.0,9.3,6.3,3.9,96.5,1
5.76,1.4,8.6,6.6,46.0,0
9.96,3.6,1.2,1.5,69.1,0
9.64,2.9,1.4,1.2,46.2,0
7.7,3.1,6.2,5.1,71.6,0
9.21,9.2,8.4,4.0,72.6,1
7.6,5.2,3.9,4.9,62.7,0
8.12,5.2,4.1,3.4,52.3,0
5.45,7.8,6.4,2.5,65.7,0
8.78,2.4,3.5,7.2,82.0,1
5.64,5.4,1.2,5.6,88.0,0
9.13,4.9,7.6,2.8,74.2,1
8.91,6.4,6.6,3.9,77.4,1
8.54,10.0,6.2,6.3,56.0,1
5.18,7.9,7.7,1.7,60.8,0
6.52,4.6,7.1,2.3,53.9,0
6.32,8.4,2.9,1.7,58.7,0
6.8,2.5,4.2,8.3,57.4,0
5.44,1.3,2.1,7.8,73.6,0
9.68,2.8,2.2,7.8,75.9,1
7.77,4.1,7.1,7.4,97.0,1
6.53,5.6,8.7,7.0,55.8,1
6.98,6.5,9.7,5.3,80.3,1
7.24,9.2,6.7,6.8,89.9,1
8.0,5.6,2.7,1.3,75.8,0
7.58,5.5,2.0,6.6,59.0,0
9.6,1.5,8.3,8.0,59.4,1
7.48,1.3,6.2,5.5,47.2,0
9.96,6.0,6.6,4.2,61.8,1
9.26,4.9,8.0,3.5,86.0,1
6.04,8.6,7.3,6.8,47.6,1
9.65,2.4,8.5,7.2,57.1,1
5.58,1.2,1.5,8.8,83.8,0
9.09,5.0,7.7,4.1,88.0,1
6.9,3.1,8.7,7.9,70.0,1
9.39,1.4,3.6,6.1,83.4,1
9.34,7.5,6.8,8.9,66.3,1
9.03,2.0,3.8,5.8,53.8,0
8.95,6.5,9.6,5.7,66.9,1
6.52,3.5,1.3,6.2,76.9,0
5.4,2.6,6.2,7.7,97.1,0
7.01,4.4,2.5,9.7,48.8,1
5.87,8.2,7.4,1.7,72.9,0
8.47,4.5,2.6,1.5,63.1,0
6.73,7.8,3.1,9.4,73.0,1
9.88,2.1,5.4,5.8,46.3,1
8.2,8.0,9.2,6.5,62.2,1
9.11,3.1,2.9,5.3,90.1,1
5.66,7.1,2.3,1.8,75.5,0
9.31,6.1,7.8,7.9,69.8,1
9.61,9.4,5.5,7.7,60.7,1
7.44,4.5,9.2,3.8,61.4,0
8.03,1.6,2.3,3.8,66.1,0
8.82,1.2,6.8,8.5,91.0,1
5.87,8.4,3.1,1.7,98.2,0
7.51,5.7,2.4,8.9,69.1,1
6.99,8.0,7.2,3.3,66.6,0
5.73,3.1,6.3,6.3,91.6,0
6.84,4.1,7.8,9.4,68.5,1
5.34,1.3,3.8,7.1,75.4,0
5.13,9.7,5.0,4.7,57.7,0
5.68,7.0,4.6,7.2,85.9,1
9.82,9.4,9.9,4.1,74.3,1
7.75,3.4,3.6,3.5,89.5,0
9.83,6.5,3.7,10.0,87.9,1
7.16,7.1,4.2,7.8,56.8,1
6.56,3.9,6.1,6.8,84.4,0
7.53,8.6,3.3,4.2,89.0,1
7.2,9.5,9.2,1.4,64.0,0
5.53,9.0,3.4,1.3,54.5,0
8.2,7.7,9.1,6.0,45.1,1
6.08,3.5,1.9,7.9,69.8,0
8.1,3.5,6.9,5.8,64.4,1
8.25,9.7,9.2,8.6,75.5,1
5.76,1.1,2.5,1.3,55.3,0
5.31,7.4,9.7,4.3,92.3,0
8.9,7.4,5.1,3.1,59.2,1
7.3,6.6,9.5,5.0,57.5,1
5.29,9.9,7.1,1.7,71.4,0
9.97,3.8,3.7,9.6,72.4,1
5.29,4.1,2.7,3.0,56.8,0
8.48,1.7,3.7,9.3,60.0,1
9.92,5.0,1.8,4.8,54.3,1
6.2,3.3,2.3,9.9,84.5,1
5.71,4.1,1.9,6.0,87.4,0
5.61,8.5,4.8,9.4,70.4,1
6.52,9.4,8.2,1.0,84.3,0
5.51,2.7,2.3,7.7,85.5,0
8.46,4.4,2.2,9.1,52.6,1
5.31,9.4,6.8,2.3,98.1,0
7.55,1.6,2.8,1.9,90.2,0
9.98,1.8,1.9,4.8,56.2,0
9.07,2.5,2.5,9.4,55.2,1
8.08,6.4,9.3,5.9,51.9,1
6.53,2.4,8.4,5.7,52.6,0
8.12,9.7,4.2,2.3,86.1,0
7.64,5.0,6.9,1.0,70.8,0
7.13,5.5,5.8,8.3,88.1,1
5.65,3.2,7.1,1.8,86.0,0
9.43,5.2,7.1,6.7,78.3,1
7.25,7.0,6.7,9.2,82.8,1
5.97,7.8,3.4,2.9,46.0,0
6.84,7.8,1.4,7.0,62.1,0
7.07,6.2,5.1,1.7,80.1,0
9.14,9.1,9.0,6.4,45.5,1
8.67,8.4,6.1,2.5,46.8,0
8.85,7.8,8.5,7.6,91.9,1
5.06,1.5,9.9,3.7,82.6,0
7.08,1.1,2.5,5.2,59.6,0
7.41,2.9,7.2,6.4,82.8,1
5.1,7.0,7.1,2.5,88.6,0
6.3,4.7,9.8,7.7,61.9,1
8.8,4.6,9.9,3.7,47.0,1
5.69,9.0,7.2,7.0,96.3,1
7.68,9.1,3.2,2.4,64.0,0
6.08,9.2,8.2,7.2,50.9,1
5.06,3.8,2.0,2.2,72.1,0
6.21,7.2,8.0,4.8,87.3,1
9.88,3.4,9.2,3.2,57.2,1
9.01,2.7,4.4,7.7,59.8,1
9.8,2.7,6.7,3.4,58.3,0
7.44,4.1,4.9,8.9,99.5,1
5.55,4.9,4.9,9.0,55.9,0
7.74,8.5,3.8,2.8,76.7,0
7.27,2.1,7.9,6.5,95.9,1
9.22,7.6,9.4,1.8,53.1,1
5.49,5.8,9.5,4.5,98.4,0
7.44,3.6,2.6,7.4,97.1,1
5.75,5.4,8.9,6.9,93.7,1
6.62,3.7,7.6,6.6,56.8,0
8.69,6.4,3.3,3.5,79.9,0
7.38,4.9,1.6,4.4,86.8,0
6.88,2.5,3.4,1.9,99.2,0
6.97,2.0,9.2,7.5,54.9,1
7.3,5.9,6.7,5.5,87.1,1
8.93,9.1,7.5,7.4,63.6,1
9.46,4.1,3.3,3.2,54.7,0
9.78,7.6,7.5,3.9,68.2,1
8.93,6.9,1.3,4.0,88.7,1
6.58,9.4,4.4,1.2,70.6,0
8.44,8.4,6.6,4.1,74.6,1
7.19,6.1,2.3,8.2,99.7,1
6.27,6.9,8.4,9.1,67.0,1
9.2,9.1,3.1,5.7,78.8,1
5.19,4.6,6.9,5.1,65.1,0
9.51,3.9,4.6,1.3,66.6,0
7.31,1.1,6.4,8.9,83.3,1
8.19,8.4,2.0,1.1,96.6,0
8.3,8.2,1.2,9.5,74.8,1
9.48,1.9,9.2,5.4,87.3,1
8.18,6.2,3.4,4.1,49.9,0
8.07,5.2,8.4,9.3,56.6,1
5.33,2.1,10.0,1.2,72.6,0
7.59,9.8,2.9,6.2,46.1,1
5.75,2.9,3.4,5.9,58.9,0
8.69,1.6,7.0,3.0,73.5,0
7.56,6.4,9.7,4.9,45.8,1
8.4,7.6,9.2,6.9,59.6,1
5.21,1.3,5.5,7.5,73.3,0
5.42,6.9,8.2,1.0,76.5,0
8.58,5.8,2.2,9.4,95.9,1
5.36,1.9,9.8,2.5,80.5,0
5.36,2.6,9.7,3.1,67.8,0
5.06,6.1,2.5,3.4,96.2,0
9.78,3.7,3.7,1.3,88.2,0
8.69,9.4,1.9,2.1,56.0,0
6.77,8.4,3.4,9.9,52.2,1
6.48,9.9,8.3,3.8,82.2,1
6.75,3.3,4.4,2.0,75.8,0
8.87,9.7,1.8,2.0,88.4,0
8.31,4.9,4.1,7.5,85.6,1
5.93,4.1,9.8,8.7,79.4,1
5.87,1.5,6.7,3.3,99.3,0
5.49,1.5,4.7,1.2,74.3,0
8.3,7.2,2.5,3.0,51.2,0
8.82,5.1,9.9,1.5,90.6,1
6.33,3.0,8.4,1.9,58.9,0
5.1,6.5,3.5,4.9,87.8,0
5.41,3.3,1.6,3.1,97.6,0
9.84,6.2,1.5,5.6,83.3,1
6.48,4.2,2.1,3.3,77.8,0
8.85,8.4,6.2,9.5,70.3,1
8.12,8.4,9.4,9.2,65.0,1
6.91,5.3,5.5,6.1,64.4,0
6.03,4.2,8.6,4.2,80.0,0
5.61,4.3,5.0,4.4,86.3,0
8.08,8.3,7.4,4.7,82.3,1
8.87,4.0,7.6,7.5,55.9,1
8.22,2.9,2.6,5.1,72.2,0
7.65,1.8,4.3,8.7,88.5,1
5.21,5.2,6.7,9.5,71.2,1
9.84,5.3,1.6,4.0,74.5,1
8.99,8.6,4.3,6.0,87.4,1
6.46,3.0,5.8,1.9,81.4,0
9.9,4.4,10.0,2.8,67.5,1
8.01,8.3,5.3,4.7,94.2,1
7.91,8.4,8.3,2.9,53.9,1
8.74,4.5,4.9,8.9,99.8,1
9.06,5.1,8.2,2.4,51.5,0
8.28,3.7,6.4,5.1,45.8,0
5.64,9.4,9.0,6.5,94.0,1
6.69,2.1,4.7,7.2,58.5,0
9.64,9.4,6.4,4.4,85.1,1
6.12,7.2,6.7,8.8,89.6,1
6.86,5.8,4.8,6.1,92.2,1
7.16,1.3,2.3,5.0,99.5,0
7.2,5.3,1.8,1.6,61.2,0
8.06,4.7,1.2,5.2,84.1,0
9.72,2.5,8.9,8.4,51.3,1
6.2,6.9,3.1,6.5,67.4,0
5.61,9.7,2.9,8.5,91.6,1
5.99,6.1,7.6,5.4,65.2,0
9.43,7.4,3.9,2.1,77.5,0
8.23,1.6,5.6,1.1,72.7,0
6.43,4.8,2.5,3.7,80.5,0
9.08,2.0,9.6,7.3,98.5,1
9.31,6.5,8.7,8.1,48.1,1
9.23,9.4,8.8,3.7,76.6,1
9.59,7.0,4.7,5.5,92.5,1
6.26,1.7,7.9,4.8,71.5,0
8.78,4.2,2.3,4.7,49.3,0
7.3,6.0,1.1,3.1,75.8,0
9.21,4.6,1.2,2.2,63.3,0
8.64,8.5,6.3,2.8,53.5,1
8.88,8.3,5.1,1.5,91.7,0
8.28,6.5,5.7,2.8,73.7,0
5.89,4.4,1.1,1.1,96.3,0
7.73,3.3,4.8,6.6,89.3,1
9.92,2.0,7.5,3.8,83.1,1
9.69,4.2,5.0,9.8,45.3,1
5.22,4.7,7.6,2.7,68.5,0
5.82,7.1,3.1,4.1,55.9,0
5.66,6.9,8.3,4.2,95.1,0
8.63,1.6,6.3,1.1,54.6,0
9.09,4.6,2.9,8.6,60.7,1
6.07,2.6,3.1,1.3,73.4,0
7.53,2.4,6.7,9.5,59.5,1
9.2,8.4,8.5,9.0,56.5,1
8.66,1.4,4.7,5.8,78.0,0
7.71,4.8,3.3,5.9,49.9,0
7.95,2.5,8.8,6.9,48.2,1
7.54,8.9,7.0,4.5,65.5,1
6.49,6.0,5.0,6.8,84.6,1
7.83,3.1,5.4,1.4,75.5,0
8.44,5.5,2.8,1.5,68.3,0
9.37,7.6,6.6,5.1,76.1,1
8.18,9.6,4.2,5.9,65.1,1
8.81,3.0,10.0,9.0,96.5,1
5.8,9.0,5.3,1.9,48.0,0
7.31,9.4,5.4,8.4,82.0,1
5.05,9.2,6.1,2.9,94.0,0
6.23,6.7,9.3,4.5,89.2,1
8.63,6.7,8.2,3.8,55.1,1
9.96,4.6,5.1,4.6,61.3,1
5.5,7.8,7.5,2.4,84.4,0
7.01,5.8,6.3,5.5,49.6,0
9.0,7.1,5.4,8.2,89.7,1
6.02,4.9,2.7,5.0,84.5,0
7.78,7.6,5.2,5.4,85.1,1
8.67,8.4,3.2,8.6,50.5,1
8.08,2.3,9.2,7.4,84.5,1
5.94,8.5,4.0,5.4,82.4,0
6.78,5.9,9.6,3.3,90.7,0
8.92,8.6,5.8,9.0,47.3,1
7.77,4.9,6.7,6.2,46.3,1
5.03,4.4,5.9,3.0,65.5,0
8.8,9.2,2.2,3.4,53.2,0
5.18,3.3,4.4,8.2,75.7,0
8.73,8.6,1.9,1.4,95.5,0
6.01,5.4,6.6,9.9,66.5,1
9.79,5.6,5.0,2.2,91.5,1
6.84,3.8,8.0,8.2,45.0,1
6.63,6.2,3.0,4.6,54.3,0
5.74,3.9,2.5,5.4,46.7,0
6.53,1.4,4.7,8.9,63.0,0
9.38,3.4,9.3,4.7,95.0,1
9.98,1.1,7.4,5.8,50.3,1
6.84,9.8,4.8,1.4,78.4,0
7.24,9.7,5.7,1.0,69.8,0
8.61,4.6,1.8,3.2,96.6,0
9.43,7.6,9.9,7.1,51.7,1
7.97,4.1,7.0,2.1,56.7,0
6.96,7.0,3.6,2.0,46.6,0
7.06,8.2,6.3,4.7,68.9,1
8.48,9.5,2.0,6.8,60.3,1
5.02,4.6,9.7,7.4,92.8,1
8.1,8.0,2.6,2.6,78.3,0
6.78,3.4,6.8,1.7,78.8,0
8.97,9.9,3.2,9.5,74.3,1
5.46,1.2,7.5,3.3,50.1,0
7.94,6.4,8.0,8.7,69.5,1
7.4,6.9,7.1,8.8,100.0,1
8.21,7.2,6.5,8.0,90.9,1
5.32,2.1,9.0,2.5,94.1,0
7.9,9.4,1.7,8.4,90.3,1
7.81,2.6,4.0,7.9,50.7,1
7.8,6.6,3.2,6.4,57.5,1
8.02,3.0,9.9,4.0,45.2,0
8.38,3.8,4.5,3.4,61.7,0
9.02,5.9,7.6,2.1,51.0,0
6.35,4.8,7.2,5.6,71.0,0
9.13,2.4,2.9,6.3,82.2,1
7.49,2.5,3.2,4.2,93.1,0
5.39,4.8,3.5,5.3,86.2,0
5.29,7.8,4.7,4.3,96.6,0
6.67,9.1,3.1,6.8,48.0,1
8.92,1.8,1.2,9.1,45.7,1
8.54,4.5,8.9,2.5,81.4,0
8.94,1.9,9.7,4.4,60.9,1
7.59,1.1,4.1,2.3,58.9,0
7.2,7.0,4.0,6.6,63.2,1
5.74,6.4,1.1,7.6,59.8,0
6.64,2.5,7.1,9.4,73.1,1
7.17,3.1,8.4,3.5,69.2,0
5.44,1.2,2.3,9.6,73.2,0
6.1,8.5,2.4,1.6,82.0,0
7.99,9.8,8.1,6.4,66.3,1
8.68,2.2,6.5,1.5,58.8,0
9.99,3.1,1.4,9.0,54.1,1
9.67,8.8,6.6,5.8,64.2,1
8.21,9.3,3.8,7.0,85.8,1
7.11,4.8,4.3,8.5,86.6,1
8.18,1.5,7.9,2.4,81.7,0
8.93,1.4,8.3,1.3,57.9,0
5.59,6.2,4.6,8.9,77.3,1
7.05,4.5,9.5,3.8,76.4,0
9.2,1.3,4.7,2.2,71.6,0
6.92,6.2,7.9,5.2,75.2,1
7.86,1.1,5.4,6.4,72.0,0
7.94,8.1,9.1,1.3,76.1,0
5.92,3.8,9.2,3.5,84.4,0
6.81,1.4,1.8,1.3,51.0,0
6.67,6.3,9.4,4.8,86.2,1
5.13,4.6,8.4,9.1,52.5,1
5.12,9.8,8.1,9.8,48.7,1
9.16,5.9,2.8,6.7,98.7,1
6.37,3.5,8.2,2.5,97.6,0
7.59,7.4,8.7,9.2,48.3,1
6.49,3.4,3.6,5.6,69.4,0
9.7,9.1,9.6,2.4,55.2,1
6.3,4.4,1.4,9.3,71.7,0
7.15,5.9,2.3,7.8,90.7,1
9.36,1.5,5.8,7.6,97.3,1
9.21,4.8,6.2,7.4,79.9,1
5.93,8.5,6.8,2.8,64.5,0
9.01,8.3,1.2,2.9,78.2,0
7.29,3.0,9.6,7.2,62.2,1
7.41,3.0,1.4,3.0,95.0,0
5.67,8.4,2.3,4.9,92.9,0
5.4,9.4,1.1,8.0,75.7,1
8.64,1.9,6.1,8.1,62.9,1
7.48,5.1,9.4,5.1,61.1,1
7.18,4.0,7.0,8.1,46.8,1
8.65,8.8,8.4,8.5,89.9,1
8.83,1.8,1.1,6.9,69.8,0
5.79,2.9,5.9,3.1,62.9,0
8.05,7.8,5.1,3.5,70.9,0
5.68,1.5,5.5,3.8,90.0,0
8.76,5.4,1.6,2.1,51.9,0
8.28,5.0,7.2,3.5,92.2,1
9.78,4.0,5.5,2.9,94.4,1
5.34,4.6,7.9,5.1,97.1,0
5.29,5.8,5.4,9.2,66.9,1
6.41,2.5,2.3,1.9,56.9,0
